DOLocationID,PULocationID,RatecodeID,VendorID,congestion_surcharge,extra,fare_amount,improvement_surcharge,mta_tax,passenger_count,payment_type,store_and_fwd_flag,tip_amount,tolls_amount,total_amount,tpep_dropoff_datetime,tpep_pickup_datetime,trip_distance,tpep_pickup_datetime_IST,tpep_dropoff_datetime_IST,diff
43,142,1,1,2.5,3.0,8.0,0.3,0.5,1,2,N,0.0,0.0,11.8,2021-01-01 00:36:12,2021-01-01 00:30:10,2.1,2021-01-01 13:00:10,2021-01-01 13:06:12,362
151,238,1,1,0.0,0.5,3.0,0.3,0.5,1,2,N,0.0,0.0,4.3,2021-01-01 00:52:19,2021-01-01 00:51:20,.20,2021-01-01 13:21:20,2021-01-01 13:22:19,59
165,132,1,1,0.0,0.5,42.0,0.3,0.5,1,1,N,8.65,0.0,51.95,2021-01-01 01:11:06,2021-01-01 00:43:30,14.7,2021-01-01 13:13:30,2021-01-01 13:41:06,1656
132,138,1,1,0.0,0.5,29.0,0.3,0.5,0,1,N,6.05,0.0,36.35,2021-01-01 00:31:01,2021-01-01 00:15:48,10.6,2021-01-01 12:45:48,2021-01-01 13:01:01,913
33,68,1,2,2.5,0.5,16.5,0.3,0.5,1,1,N,4.06,0.0,24.36,2021-01-01 00:48:21,2021-01-01 00:31:49,4.94,2021-01-01 13:01:49,2021-01-01 13:18:21,992
68,224,1,1,2.5,3.0,8.0,0.3,0.5,1,1,N,2.35,0.0,14.15,2021-01-01 00:24:30,2021-01-01 00:16:29,1.6,2021-01-01 12:46:29,2021-01-01 12:54:30,481
157,95,1,1,0.0,0.5,16.0,0.3,0.5,1,2,N,0.0,0.0,17.3,2021-01-01 00:17:28,2021-01-01 00:00:28,4.1,2021-01-01 12:30:28,2021-01-01 12:47:28,1020
40,90,1,1,2.5,3.0,18.0,0.3,0.5,1,2,N,0.0,0.0,21.8,2021-01-01 00:30:34,2021-01-01 00:12:29,5.7,2021-01-01 12:42:29,2021-01-01 13:00:34,1085
129,97,1,1,0.0,0.5,27.5,0.3,0.5,1,4,N,0.0,"",28.8,2021-01-01 01:00:13,2021-01-01 00:39:16,9.1,2021-01-01 13:09:16,2021-01-01 13:30:13,1257
142,263,1,1,2.5,3.0,12.0,0.3,0.5,2,1,N,3.15,0.0,18.95,2021-01-01 00:39:46,2021-01-01 00:26:12,2.7,2021-01-01 12:56:12,2021-01-01 13:09:46,814
255,"",1,2,2.5,0.5,20.5,0.3,0.5,3,1,N,0.0,0.0,24.3,2021-01-01 00:38:07,2021-01-01 00:15:52,6.11,2021-01-01 12:45:52,2021-01-01 13:08:07,1335
80,255,1,2,0.0,0.5,7.0,0.3,0.5,2,1,N,2.49,0.0,10.79,2021-01-01 00:53:45,2021-01-01 00:46:36,1.21,2021-01-01 13:16:36,2021-01-01 13:23:45,429
166,138,1,1,0.0,2.5,24.5,0.3,0.5,2,2,N,0.0,6.12,33.92,2021-01-01 00:32:58,2021-01-01 00:10:46,7.4,2021-01-01 12:40:46,2021-01-01 13:02:58,1332
50,142,1,2,2.5,0.5,8.0,0.3,0.5,5,1,N,2.36,0.0,14.16,2021-01-01 00:38:52,2021-01-01 00:31:06,1.7,2021-01-01 13:01:06,2021-01-01 13:08:52,466
142,50,1,2,2.5,0.5,4.5,0.3,0.5,5,2,N,0.0,0.0,8.3,2021-01-01 00:44:24,2021-01-01 00:42:11,.81,2021-01-01 13:12:11,2021-01-01 13:14:24,133
237,236,1,2,2.5,0.5,5.5,0.3,0.5,1,1,N,1.0,0.0,10.3,2021-01-01 00:21:55,2021-01-01 00:17:48,1.01,2021-01-01 12:47:48,2021-01-01 12:51:55,247
239,142,1,2,2.5,0.5,5.5,0.3,0.5,1,1,N,2.79,0.0,12.09,2021-01-01 00:38:37,2021-01-01 00:33:38,.73,2021-01-01 13:03:38,2021-01-01 13:08:37,299
166,238,1,2,2.5,0.5,6.5,0.3,0.5,1,1,"",2.06,0.0,12.36,2021-01-01 00:52:53,2021-01-01 00:47:56,1.17,2021-01-01 13:17:56,2021-01-01 13:22:53,297
238,239,1,2,2.5,0.5,4.5,0.3,0.5,1,1,N,1.66,0.0,9.96,2021-01-01 00:07:58,2021-01-01 00:04:21,.78,2021-01-01 12:34:21,2021-01-01 12:37:58,217
142,151,1,2,2.5,0.5,8.5,0.3,0.5,2,2,N,0.0,0.0,12.3,2021-01-01 00:27:10,2021-01-01 00:18:36,1.66,2021-01-01 12:48:36,2021-01-01 12:57:10,514
142,239,1,2,2.5,0.5,5.5,0.3,0.5,3,2,N,0.0,0.0,9.3,2021-01-01 00:48:17,2021-01-01 00:43:41,.93,2021-01-01 13:13:41,2021-01-01 13:18:17,276
142,238,1,2,2.5,0.5,6.5,0.3,0.5,2,1,N,1.54,0.0,11.84,2021-01-01 01:02:03,2021-01-01 00:56:30,1.16,2021-01-01 13:26:30,2021-01-01 13:32:03,333
137,249,1,1,2.5,3.0,9.0,0.3,0.5,0,3,N,0.0,0.0,12.8,2021-01-01 00:25:36,2021-01-01 00:16:27,2.2,2021-01-01 12:46:27,2021-01-01 12:55:36,549
163,107,1,1,2.5,3.0,17.0,0.3,0.5,0,1,N,10.0,0.0,30.8,2021-01-01 01:01:37,2021-01-01 00:37:59,3.6,2021-01-01 13:07:59,2021-01-01 13:31:37,1418
3,132,1,1,0.0,0.5,52.0,0.3,0.5,2,2,N,0.0,6.12,59.42,2021-01-01 01:04:46,2021-01-01 00:37:40,19.1,2021-01-01 13:07:40,2021-01-01 13:34:46,1626
226,48,1,1,2.5,3.0,20.0,0.3,0.5,1,2,N,0.0,0.0,23.8,2021-01-01 01:16:33,2021-01-01 00:54:24,5.4,2021-01-01 13:24:24,2021-01-01 13:46:33,1329
162,238,1,2,2.5,0.5,12.5,0.3,0.5,4,1,N,2.0,0.0,18.3,2021-01-01 00:47:22,2021-01-01 00:34:37,3.15,2021-01-01 13:04:37,2021-01-01 13:17:22,765
43,4,1,2,2.5,0.5,17.0,0.3,0.5,1,1,N,2.0,0.0,22.8,2021-01-01 00:23:40,2021-01-01 00:06:24,4.65,2021-01-01 12:36:24,2021-01-01 12:53:40,1036
41,48,1,2,2.5,0.5,18.0,0.3,0.5,1,1,N,4.36,0.0,26.16,2021-01-01 00:57:17,2021-01-01 00:35:17,4.07,2021-01-01 13:05:17,2021-01-01 13:27:17,1320
226,132,1,1,0.0,0.5,39.0,0.3,0.5,1,2,N,0.0,0.0,40.3,2021-01-01 00:46:32,2021-01-01 00:24:30,14.3,2021-01-01 12:54:30,2021-01-01 13:16:32,1322
151,229,1,2,2.5,0.5,14.5,0.3,0.5,1,1,N,4.58,0.0,22.88,2021-01-01 00:28:16,2021-01-01 00:13:44,3.96,2021-01-01 12:43:44,2021-01-01 12:58:16,872
166,238,1,2,0.0,0.5,4.5,0.3,0.5,1,2,N,0.0,0.0,5.8,2021-01-01 00:38:29,2021-01-01 00:36:08,.76,2021-01-01 13:06:08,2021-01-01 13:08:29,141
238,151,1,2,2.5,0.5,5.0,0.3,0.5,2,1,N,2.2,0.0,11.0,2021-01-01 00:47:18,2021-01-01 00:43:03,.64,2021-01-01 13:13:03,2021-01-01 13:17:18,255
82,138,1,1,0.0,0.5,12.0,0.3,0.5,4,2,N,0.0,0.0,13.3,2021-01-01 00:18:08,2021-01-01 00:06:08,3,2021-01-01 12:36:08,2021-01-01 12:48:08,720
231,264,1,2,2.5,0.5,32.5,0.3,0.5,3,1,N,4.0,0.0,40.3,2021-01-01 00:43:03,2021-01-01 00:19:57,10.74,2021-01-01 12:49:57,2021-01-01 13:13:03,1386
142,263,1,2,2.5,0.5,10.5,0.3,0.5,1,2,N,0.0,0.0,14.3,2021-01-01 00:32:11,2021-01-01 00:20:13,2.62,2021-01-01 12:50:13,2021-01-01 13:02:11,718
32,48,1,2,2.5,0.5,38.0,0.3,0.5,1,2,N,0.0,0.0,41.8,2021-01-01 01:23:03,2021-01-01 00:55:13,13.67,2021-01-01 13:25:13,2021-01-01 13:53:03,1670
90,151,1,1,2.5,3.0,21.0,0.3,0.5,1,2,N,0.0,0.0,24.8,2021-01-01 00:45:43,2021-01-01 00:25:09,6.1,2021-01-01 12:55:09,2021-01-01 13:15:43,1234
169,169,1,1,0.0,0.0,0.0,0.0,0.0,1,3,N,0.0,0.0,0.0,2021-01-01 00:03:19,2021-01-01 00:03:13,.00,2021-01-01 12:33:13,2021-01-01 12:33:19,6
42,238,1,1,0.0,0.0,17.2,0.3,0.5,1,1,N,0.0,0.0,18.0,2021-01-01 01:04:49,2021-01-01 00:52:42,.00,2021-01-01 13:22:42,2021-01-01 13:34:49,727
140,137,1,1,2.5,2.5,7.5,0.3,0.5,1,2,N,0.0,0.0,10.8,2021-01-01 00:15:31,2021-01-01 00:08:51,2,2021-01-01 12:38:51,2021-01-01 12:45:31,400
234,114,1,1,2.5,3.0,5.5,0.3,0.5,2,2,N,0.0,0.0,9.3,2021-01-01 00:34:12,2021-01-01 00:30:32,1,2021-01-01 13:00:32,2021-01-01 13:04:12,220
229,100,1,2,2.5,0.5,9.5,0.3,0.5,1,2,N,0.0,0.0,13.3,2021-01-01 00:14:29,2021-01-01 00:03:48,1.98,2021-01-01 12:33:48,2021-01-01 12:44:29,641
170,229,1,2,2.5,0.5,6.0,0.3,0.5,1,2,N,0.0,0.0,9.8,2021-01-01 00:21:49,2021-01-01 00:16:19,1.27,2021-01-01 12:46:19,2021-01-01 12:51:49,330
239,48,1,2,2.5,0.5,7.0,0.3,0.5,1,2,N,0.0,0.0,10.8,2021-01-01 00:52:48,2021-01-01 00:47:17,1.66,2021-01-01 13:17:17,2021-01-01 13:22:48,331
48,142,1,2,2.5,0.5,5.0,0.3,0.5,1,2,N,0.0,0.0,8.8,2021-01-01 01:01:27,2021-01-01 00:57:26,.89,2021-01-01 13:27:26,2021-01-01 13:31:27,241
256,137,1,2,2.5,0.5,16.5,0.3,0.5,1,1,N,4.06,0.0,24.36,2021-01-01 00:15:45,2021-01-01 00:03:09,4.85,2021-01-01 12:33:09,2021-01-01 12:45:45,756
262,140,1,2,2.5,0.5,6.5,0.3,0.5,1,2,N,0.0,0.0,10.3,2021-01-01 00:59:17,2021-01-01 00:54:20,1.16,2021-01-01 13:24:20,2021-01-01 13:29:17,297
238,264,1,1,2.5,3.0,6.5,0.3,0.5,1,1,N,2.0,0.0,12.3,2021-01-01 00:42:58,2021-01-01 00:37:06,1.4,2021-01-01 13:07:06,2021-01-01 13:12:58,352
114,170,1,2,2.5,0.5,9.0,0.3,0.5,5,1,N,2.0,0.0,14.8,2021-01-01 00:36:27,2021-01-01 00:28:07,2.01,2021-01-01 12:58:07,2021-01-01 13:06:27,500
87,186,1,2,2.5,0.5,12.0,0.3,0.5,2,1,N,10.08,0.0,25.88,2021-01-01 01:05:19,2021-01-01 00:54:10,3.45,2021-01-01 13:24:10,2021-01-01 13:35:19,669
256,209,1,2,2.5,0.5,17.0,0.3,0.5,1,1,N,4.16,0.0,24.96,2021-01-01 01:11:59,2021-01-01 00:50:48,3.79,2021-01-01 13:20:48,2021-01-01 13:41:59,1271
107,132,2,1,2.5,2.5,52.0,0.3,0.5,1,1,N,12.25,6.12,73.67,2021-01-01 00:43:49,2021-01-01 00:22:52,17.2,2021-01-01 12:52:52,2021-01-01 13:13:49,1257
112,232,1,1,2.5,3.0,11.0,0.3,0.5,1,1,N,2.95,0.0,17.75,2021-01-01 01:01:14,2021-01-01 00:52:27,3.1,2021-01-01 13:22:27,2021-01-01 13:31:14,527
141,164,1,2,2.5,0.5,10.5,0.3,0.5,3,1,N,4.29,0.0,18.59,2021-01-01 00:17:55,2021-01-01 00:08:04,2.85,2021-01-01 12:38:04,2021-01-01 12:47:55,591
236,141,1,2,2.5,0.5,7.5,0.3,0.5,3,1,N,2.26,0.0,13.56,2021-01-01 00:28:11,2021-01-01 00:22:02,1.68,2021-01-01 12:52:02,2021-01-01 12:58:11,369
236,263,1,2,2.5,0.5,4.5,0.3,0.5,3,1,N,1.66,0.0,9.96,2021-01-01 00:36:07,2021-01-01 00:33:33,.77,2021-01-01 13:03:33,2021-01-01 13:06:07,154
236,141,1,2,2.5,0.5,4.0,0.3,0.5,2,1,N,1.5,0.0,9.3,2021-01-01 00:41:15,2021-01-01 00:39:08,.52,2021-01-01 13:09:08,2021-01-01 13:11:15,127
140,141,1,2,2.5,0.5,3.5,0.3,0.5,3,1,N,0.5,0.0,7.8,2021-01-01 00:46:58,2021-01-01 00:45:29,.40,2021-01-01 13:15:29,2021-01-01 13:16:58,89
75,263,1,2,2.5,0.5,5.5,0.3,0.5,2,1,N,1.86,0.0,11.16,2021-01-01 00:58:45,2021-01-01 00:55:19,1.05,2021-01-01 13:25:19,2021-01-01 13:28:45,206
238,249,1,2,2.5,0.5,21.5,0.3,0.5,2,1,N,5.06,0.0,30.36,2021-01-01 01:07:41,2021-01-01 00:44:58,5.85,2021-01-01 13:14:58,2021-01-01 13:37:41,1363
229,229,1,2,2.5,0.5,7.0,0.3,0.5,1,2,N,0.0,0.0,10.8,2021-01-01 00:44:07,2021-01-01 00:34:36,.27,2021-01-01 13:04:36,2021-01-01 13:14:07,571
229,249,1,1,2.5,3.0,13.5,0.3,0.5,1,1,N,10.0,0.0,27.3,2021-01-01 00:59:55,2021-01-01 00:46:05,3.7,2021-01-01 13:16:05,2021-01-01 13:29:55,830
87,164,1,1,2.5,3.0,13.5,0.3,0.5,2,1,Y,4.3,0.0,21.6,2021-01-01 00:20:09,2021-01-01 00:06:23,3.7,2021-01-01 12:36:23,2021-01-01 12:50:09,826
229,132,2,2,2.5,0.0,52.0,0.3,0.5,3,1,N,11.06,0.0,66.36,2021-01-01 01:01:27,2021-01-01 00:36:53,16.54,2021-01-01 13:06:53,2021-01-01 13:31:27,1474
87,113,1,2,2.5,0.5,9.5,0.3,0.5,1,1,N,2.66,0.0,15.96,2021-01-01 00:15:06,2021-01-01 00:04:44,2.19,2021-01-01 12:34:44,2021-01-01 12:45:06,622
48,261,1,2,2.5,0.5,15.5,0.3,0.5,1,1,N,3.86,0.0,23.16,2021-01-01 00:40:05,2021-01-01 00:23:01,4.09,2021-01-01 12:53:01,2021-01-01 13:10:05,1024
48,125,1,2,2.5,0.5,11.5,0.3,0.5,1,2,N,0.0,0.0,15.3,2021-01-01 00:41:00,2021-01-01 00:30:06,3.26,2021-01-01 13:00:06,2021-01-01 13:11:00,654
143,48,1,2,2.5,0.5,5.5,0.3,0.5,1,1,N,2.79,0.0,12.09,2021-01-01 00:51:49,2021-01-01 00:46:50,1.11,2021-01-01 13:16:50,2021-01-01 13:21:49,299
231,186,1,2,2.5,0.5,10.0,0.3,0.5,1,1,N,2.76,0.0,16.56,2021-01-01 00:56:55,2021-01-01 00:47:59,2.87,2021-01-01 13:17:59,2021-01-01 13:26:55,536
24,246,1,1,2.5,3.0,14.0,0.3,0.5,2,1,N,3.55,0.0,21.35,2021-01-01 00:46:17,2021-01-01 00:33:01,4,2021-01-01 13:03:01,2021-01-01 13:16:17,796
211,158,1,1,2.5,3.0,7.0,0.3,0.5,1,2,Y,0.0,0.0,10.8,2021-01-01 00:37:10,2021-01-01 00:29:44,1.3,2021-01-01 12:59:44,2021-01-01 13:07:10,446
249,170,1,1,2.5,3.0,9.5,0.3,0.5,3,1,Y,2.65,0.0,15.95,2021-01-01 01:02:06,2021-01-01 00:52:34,2.3,2021-01-01 13:22:34,2021-01-01 13:32:06,572
236,237,1,1,2.5,3.0,5.0,0.3,0.5,1,1,N,0.75,0.0,9.55,2021-01-01 00:47:08,2021-01-01 00:43:00,.80,2021-01-01 13:13:00,2021-01-01 13:17:08,248
248,141,1,2,2.5,0.5,21.0,0.3,0.5,1,2,N,0.0,0.0,24.8,2021-01-01 00:35:57,2021-01-01 00:20:06,7,2021-01-01 12:50:06,2021-01-01 13:05:57,951
263,75,1,2,0.0,0.5,3.5,0.3,0.5,1,2,N,0.0,0.0,4.8,2021-01-01 00:54:00,2021-01-01 00:52:28,.51,2021-01-01 13:22:28,2021-01-01 13:24:00,92
141,263,1,2,2.5,0.5,5.5,0.3,0.5,1,1,N,1.86,0.0,11.16,2021-01-01 01:00:09,2021-01-01 00:56:22,1.17,2021-01-01 13:26:22,2021-01-01 13:30:09,227
75,162,1,1,2.5,3.0,10.5,0.3,0.5,1,1,Y,2.85,0.0,17.15,2021-01-01 00:38:50,2021-01-01 00:30:01,3,2021-01-01 13:00:01,2021-01-01 13:08:50,529
233,263,1,1,2.5,3.0,7.5,0.3,0.5,2,2,Y,0.0,0.0,11.3,2021-01-01 00:51:21,2021-01-01 00:45:34,2,2021-01-01 13:15:34,2021-01-01 13:21:21,347
263,141,1,1,2.5,3.0,5.0,0.3,0.5,2,1,N,2.5,0.0,11.3,2021-01-01 00:37:27,2021-01-01 00:34:38,1.1,2021-01-01 13:04:38,2021-01-01 13:07:27,169
141,263,1,1,2.5,3.0,4.0,0.3,0.5,1,1,N,2.0,0.0,9.8,2021-01-01 00:41:19,2021-01-01 00:39:50,.60,2021-01-01 13:09:50,2021-01-01 13:11:19,89
142,262,1,1,2.5,3.0,10.0,0.3,0.5,3,1,N,2.0,0.0,15.8,2021-01-01 00:56:54,2021-01-01 00:47:18,2.5,2021-01-01 13:17:18,2021-01-01 13:26:54,576
263,137,1,2,2.5,0.5,11.0,0.3,0.5,1,1,N,2.96,0.0,17.76,2021-01-01 00:30:51,2021-01-01 00:22:09,3.58,2021-01-01 12:52:09,2021-01-01 13:00:51,522
229,140,1,2,2.5,0.5,6.5,0.3,0.5,1,1,N,2.58,0.0,12.88,2021-01-01 00:44:14,2021-01-01 00:38:55,1.24,2021-01-01 13:08:55,2021-01-01 13:14:14,319
113,140,1,2,2.5,0.5,17.0,0.3,0.5,1,1,N,4.16,0.0,24.96,2021-01-01 01:06:38,2021-01-01 00:50:24,4.78,2021-01-01 13:20:24,2021-01-01 13:36:38,974
238,140,1,2,2.5,0.5,8.0,0.3,0.5,1,1,N,2.36,0.0,14.16,2021-01-01 00:35:34,2021-01-01 00:27:50,1.69,2021-01-01 12:57:50,2021-01-01 13:05:34,464
151,239,1,2,2.5,0.5,6.0,0.3,0.5,1,1,N,1.96,0.0,11.76,2021-01-01 00:42:21,2021-01-01 00:37:55,1.33,2021-01-01 13:07:55,2021-01-01 13:12:21,266
264,75,1,2,2.5,0.5,24.5,0.3,0.5,1,1,N,5.66,0.0,33.96,2021-01-01 00:23:40,2021-01-01 00:06:11,8.06,2021-01-01 12:36:11,2021-01-01 12:53:40,1049
142,90,1,2,2.5,0.5,9.5,0.3,0.5,2,1,N,2.66,0.0,15.96,2021-01-01 00:38:53,2021-01-01 00:30:16,2.6,2021-01-01 13:00:16,2021-01-01 13:08:53,517
142,48,1,2,2.5,0.5,6.5,0.3,0.5,1,1,N,2.58,0.0,12.88,2021-01-01 00:51:20,2021-01-01 00:46:02,1.4,2021-01-01 13:16:02,2021-01-01 13:21:20,318
232,137,1,2,2.5,0.5,9.0,0.3,0.5,1,2,N,0.0,0.0,12.8,2021-01-01 00:17:32,2021-01-01 00:11:49,2.44,2021-01-01 12:41:49,2021-01-01 12:47:32,343
45,79,1,2,2.5,0.5,8.0,0.3,0.5,1,2,N,0.0,0.0,11.8,2021-01-01 00:37:25,2021-01-01 00:27:59,1.58,2021-01-01 12:57:59,2021-01-01 13:07:25,566
75,224,1,2,2.5,0.5,12.5,0.3,0.5,1,2,N,0.0,0.0,16.3,2021-01-01 00:59:10,2021-01-01 00:49:31,3.98,2021-01-01 13:19:31,2021-01-01 13:29:10,579
75,236,1,2,2.5,0.5,5.5,0.3,0.5,1,1,N,1.0,0.0,10.3,2021-01-01 00:56:08,2021-01-01 00:52:26,1.06,2021-01-01 13:22:26,2021-01-01 13:26:08,222
142,140,1,2,2.5,0.5,9.5,0.3,0.5,2,2,N,0.0,0.0,13.3,2021-01-01 00:34:29,2021-01-01 00:23:24,1.91,2021-01-01 12:53:24,2021-01-01 13:04:29,665
226,161,1,2,2.5,0.5,14.5,0.3,0.5,1,1,N,3.66,0.0,21.96,2021-01-01 00:26:47,2021-01-01 00:12:41,4.13,2021-01-01 12:42:41,2021-01-01 12:56:47,846
74,162,1,2,2.5,0.5,13.5,0.3,0.5,2,2,N,0.0,0.0,17.3,2021-01-01 00:35:03,2021-01-01 00:23:29,4.12,2021-01-01 12:53:29,2021-01-01 13:05:03,694
170,144,1,2,2.5,0.5,9.0,0.3,0.5,2,1,N,2.56,0.0,15.36,2021-01-01 00:54:25,2021-01-01 00:46:17,2.22,2021-01-01 13:16:17,2021-01-01 13:24:25,488
264,264,1,2,0.0,0.5,23.5,0.3,0.5,1,2,N,0.0,0.0,24.8,2021-01-01 00:51:44,2021-01-01 00:28:16,7.11,2021-01-01 12:58:16,2021-01-01 13:21:44,1408
237,229,1,2,2.5,0.5,9.5,0.3,0.5,3,2,N,0.0,0.0,13.3,2021-01-01 00:54:41,2021-01-01 00:42:35,1.61,2021-01-01 13:12:35,2021-01-01 13:24:41,726
151,75,1,2,0.0,0.5,7.5,0.3,0.5,1,1,N,2.2,0.0,11.0,2021-01-01 00:38:05,2021-01-01 00:32:26,1.89,2021-01-01 13:02:26,2021-01-01 13:08:05,339
236,238,1,2,2.5,0.5,7.5,0.3,0.5,1,1,N,2.82,0.0,14.12,2021-01-01 00:48:58,2021-01-01 00:42:56,1.62,2021-01-01 13:12:56,2021-01-01 13:18:58,362
219,132,1,2,0.0,0.5,12.0,0.3,0.5,1,1,N,2.66,0.0,15.96,2021-01-01 00:13:53,2021-01-01 00:06:27,3.7,2021-01-01 12:36:27,2021-01-01 12:43:53,446
41,79,1,2,2.5,0.5,21.5,0.3,0.5,1,1,N,4.0,0.0,29.3,2021-01-01 01:11:05,2021-01-01 00:47:46,6.56,2021-01-01 13:17:46,2021-01-01 13:41:05,1399
239,238,1,2,2.5,0.5,5.0,0.3,0.5,1,2,N,0.0,0.0,8.8,2021-01-01 00:21:43,2021-01-01 00:17:39,.58,2021-01-01 12:47:39,2021-01-01 12:51:43,244
238,142,1,2,2.5,0.5,7.0,0.3,0.5,1,1,N,2.16,0.0,12.96,2021-01-01 00:31:57,2021-01-01 00:25:23,1.37,2021-01-01 12:55:23,2021-01-01 13:01:57,394
43,137,1,2,2.5,0.5,10.0,0.3,0.5,1,2,N,0.0,0.0,13.8,2021-01-01 01:08:24,2021-01-01 00:58:03,2.65,2021-01-01 13:28:03,2021-01-01 13:38:24,621
229,137,1,1,2.5,3.0,5.5,0.3,0.5,0,1,N,1.86,0.0,11.16,2021-01-01 00:32:04,2021-01-01 00:27:44,1.2,2021-01-01 12:57:44,2021-01-01 13:02:04,260
234,234,1,1,2.5,3.0,7.5,0.3,0.5,1,1,N,2.0,0.0,13.3,2021-01-01 00:23:20,2021-01-01 00:14:25,.80,2021-01-01 12:44:25,2021-01-01 12:53:20,535
246,68,1,1,2.5,3.0,3.0,0.3,0.5,1,1,N,1.0,0.0,7.8,2021-01-01 00:50:04,2021-01-01 00:49:10,.20,2021-01-01 13:19:10,2021-01-01 13:20:04,54
140,236,1,2,2.5,0.5,6.0,0.3,0.5,1,1,N,3.0,0.0,12.8,2021-01-01 00:35:50,2021-01-01 00:31:10,1.24,2021-01-01 13:01:10,2021-01-01 13:05:50,280
43,140,1,2,2.5,0.5,8.5,0.3,0.5,1,1,N,2.46,0.0,14.76,2021-01-01 00:46:08,2021-01-01 00:37:24,1.91,2021-01-01 13:07:24,2021-01-01 13:16:08,524
238,239,1,2,2.5,0.5,4.0,0.3,0.5,1,1,N,1.56,0.0,9.36,2021-01-01 00:50:42,2021-01-01 00:47:51,.50,2021-01-01 13:17:51,2021-01-01 13:20:42,171
236,263,1,2,2.5,0.5,4.5,0.3,0.5,2,2,N,0.0,0.0,8.3,2021-01-01 00:15:05,2021-01-01 00:11:53,.70,2021-01-01 12:41:53,2021-01-01 12:45:05,192
238,236,1,2,2.5,0.5,6.0,0.3,0.5,3,1,N,1.96,0.0,11.76,2021-01-01 00:22:14,2021-01-01 00:17:52,1.29,2021-01-01 12:47:52,2021-01-01 12:52:14,262
137,231,1,2,2.5,0.5,14.5,0.3,0.5,2,2,N,0.0,0.0,18.3,2021-01-01 01:05:49,2021-01-01 00:53:51,4.26,2021-01-01 13:23:51,2021-01-01 13:35:49,718
50,68,1,1,2.5,3.0,5.5,0.3,0.5,1,3,N,0.0,0.0,9.3,2021-01-01 00:39:11,2021-01-01 00:34:38,.70,2021-01-01 13:04:38,2021-01-01 13:09:11,273
181,249,1,1,2.5,3.0,16.0,0.3,0.5,1,2,N,0.0,0.0,19.8,2021-01-01 01:14:37,2021-01-01 00:59:27,4.6,2021-01-01 13:29:27,2021-01-01 13:44:37,910
237,236,1,2,2.5,0.5,5.5,0.3,0.5,1,1,N,1.86,0.0,11.16,2021-01-01 00:22:46,2021-01-01 00:19:32,1.34,2021-01-01 12:49:32,2021-01-01 12:52:46,194
82,230,1,2,2.5,0.5,24.5,0.3,0.5,1,2,N,0.0,0.0,28.3,2021-01-01 01:15:13,2021-01-01 00:45:18,6.71,2021-01-01 13:15:18,2021-01-01 13:45:13,1795
234,114,1,1,2.5,3.0,11.5,0.3,0.5,2,1,N,4.55,0.0,19.85,2021-01-01 00:30:28,2021-01-01 00:14:39,1.6,2021-01-01 12:44:39,2021-01-01 13:00:28,949
100,48,1,1,2.5,3.0,7.5,0.3,0.5,1,1,N,1.0,0.0,12.3,2021-01-01 00:50:18,2021-01-01 00:40:50,1.1,2021-01-01 13:10:50,2021-01-01 13:20:18,568
7,79,1,2,2.5,0.5,27.0,0.3,0.5,1,2,N,0.0,0.0,30.8,2021-01-01 00:32:08,2021-01-01 00:14:41,9.19,2021-01-01 12:44:41,2021-01-01 13:02:08,1047
130,264,1,2,0.0,0.5,24.0,0.3,0.5,1,1,N,0.0,0.0,25.3,2021-01-01 00:34:40,2021-01-01 00:19:29,8.02,2021-01-01 12:49:29,2021-01-01 13:04:40,911
238,90,1,1,2.5,3.0,15.0,0.3,0.5,1,1,N,3.75,0.0,22.55,2021-01-01 00:17:06,2021-01-01 00:03:06,4.5,2021-01-01 12:33:06,2021-01-01 12:47:06,840
127,43,1,1,2.5,3.0,28.0,0.3,0.5,3,2,N,0.0,0.0,31.8,2021-01-01 00:48:38,2021-01-01 00:29:24,9.4,2021-01-01 12:59:24,2021-01-01 13:18:38,1154
107,233,1,2,2.5,0.5,5.5,0.3,0.5,2,1,N,1.4,0.0,10.7,2021-01-01 00:42:31,2021-01-01 00:38:26,1.38,2021-01-01 13:08:26,2021-01-01 13:12:31,245
140,229,1,1,2.5,3.0,4.0,0.3,0.5,0,2,N,0.0,0.0,7.8,2021-01-01 00:46:51,2021-01-01 00:45:19,.50,2021-01-01 13:15:19,2021-01-01 13:16:51,92
229,140,1,1,2.5,3.0,6.5,0.3,0.5,0,2,N,0.0,0.0,10.3,2021-01-01 00:56:13,2021-01-01 00:49:15,.80,2021-01-01 13:19:15,2021-01-01 13:26:13,418
74,68,1,2,2.5,0.5,19.5,0.3,0.5,1,2,N,0.0,0.0,23.3,2021-01-01 00:23:35,2021-01-01 00:02:34,5.83,2021-01-01 12:32:34,2021-01-01 12:53:35,1261
41,74,1,2,0.0,0.5,7.0,0.3,0.5,1,2,N,0.0,0.0,8.3,2021-01-01 00:34:49,2021-01-01 00:28:18,1.35,2021-01-01 12:58:18,2021-01-01 13:04:49,391
226,48,1,2,2.5,0.5,15.5,0.3,0.5,1,2,N,0.0,0.0,19.3,2021-01-01 00:24:58,2021-01-01 00:08:03,4.11,2021-01-01 12:38:03,2021-01-01 12:54:58,1015
229,233,1,2,2.5,0.5,3.0,0.3,0.5,1,2,N,0.0,0.0,6.8,2021-01-01 00:42:57,2021-01-01 00:42:02,.32,2021-01-01 13:12:02,2021-01-01 13:12:57,55
41,263,1,2,2.5,0.5,11.0,0.3,0.5,1,2,N,0.0,0.0,14.8,2021-01-01 01:00:33,2021-01-01 00:48:05,2.31,2021-01-01 13:18:05,2021-01-01 13:30:33,748
140,263,1,1,2.5,3.0,5.0,0.3,0.5,2,1,Y,2.6,0.0,11.4,2021-01-01 00:28:22,2021-01-01 00:25:36,1,2021-01-01 12:55:36,2021-01-01 12:58:22,166
262,236,1,1,2.5,3.0,6.0,0.3,0.5,1,1,N,1.95,0.0,11.75,2021-01-01 00:41:18,2021-01-01 00:35:11,.90,2021-01-01 13:05:11,2021-01-01 13:11:18,367
263,262,1,1,2.5,3.0,3.0,0.3,0.5,1,3,N,0.0,0.0,6.8,2021-01-01 00:46:49,2021-01-01 00:45:45,.20,2021-01-01 13:15:45,2021-01-01 13:16:49,64
237,237,1,1,2.5,3.0,4.0,0.3,0.5,2,1,N,0.0,0.0,7.8,2021-01-01 00:59:22,2021-01-01 00:57:04,.40,2021-01-01 13:27:04,2021-01-01 13:29:22,138
227,164,1,1,2.5,3.0,34.0,0.3,0.5,2,4,N,0.0,0.0,37.8,2021-01-01 00:45:44,2021-01-01 00:16:58,11.1,2021-01-01 12:46:58,2021-01-01 13:15:44,1726
116,234,1,1,2.5,3.0,26.0,0.3,0.5,2,2,N,0.0,0.0,29.8,2021-01-01 00:49:23,2021-01-01 00:28:03,8.4,2021-01-01 12:58:03,2021-01-01 13:19:23,1280
162,113,1,1,2.5,3.0,10.5,0.3,0.5,2,2,N,0.0,0.0,14.3,2021-01-01 00:50:37,2021-01-01 00:41:17,2.8,2021-01-01 13:11:17,2021-01-01 13:20:37,560
262,237,1,1,2.5,3.0,7.0,0.3,0.5,3,1,N,2.15,0.0,12.95,2021-01-01 01:03:29,2021-01-01 00:56:47,1.3,2021-01-01 13:26:47,2021-01-01 13:33:29,402
137,164,1,2,2.5,0.5,10.5,0.3,0.5,2,1,N,2.0,0.0,16.3,2021-01-01 00:40:29,2021-01-01 00:28:44,2.19,2021-01-01 12:58:44,2021-01-01 13:10:29,705
224,249,1,1,2.5,3.0,9.0,0.3,0.5,2,1,N,3.8,0.0,16.6,2021-01-01 00:21:44,2021-01-01 00:12:51,2.3,2021-01-01 12:42:51,2021-01-01 12:51:44,533
229,229,1,1,2.5,3.0,3.5,0.3,0.5,2,1,N,0.0,0.0,7.3,2021-01-01 00:47:30,2021-01-01 00:45:12,.20,2021-01-01 13:15:12,2021-01-01 13:17:30,138
234,141,1,1,2.5,3.0,12.5,0.3,0.5,2,4,N,0.0,0.0,16.3,2021-01-01 01:09:24,2021-01-01 00:55:31,2.9,2021-01-01 13:25:31,2021-01-01 13:39:24,833
170,161,1,1,2.5,3.0,7.0,0.3,0.5,3,1,N,0.0,0.0,10.8,2021-01-01 00:22:57,2021-01-01 00:14:02,.80,2021-01-01 12:44:02,2021-01-01 12:52:57,535
65,113,1,1,2.5,3.0,13.5,0.3,0.5,1,1,N,3.45,0.0,20.75,2021-01-01 01:12:38,2021-01-01 00:58:21,3.5,2021-01-01 13:28:21,2021-01-01 13:42:38,857
41,48,1,2,2.5,0.5,20.0,0.3,0.5,1,2,N,0.0,0.0,23.8,2021-01-01 00:23:23,2021-01-01 00:06:25,6.17,2021-01-01 12:36:25,2021-01-01 12:53:23,1018
48,161,1,2,2.5,0.5,6.5,0.3,0.5,1,2,N,0.0,0.0,10.3,2021-01-01 00:51:25,2021-01-01 00:43:41,.79,2021-01-01 13:13:41,2021-01-01 13:21:25,464
236,113,1,2,2.5,0.5,17.5,0.3,0.5,1,1,N,6.39,0.0,27.69,2021-01-01 00:23:34,2021-01-01 00:05:35,5.1,2021-01-01 12:35:35,2021-01-01 12:53:34,1079
36,113,1,2,2.5,0.5,19.0,0.3,0.5,4,2,N,0.0,0.0,22.8,2021-01-01 01:01:33,2021-01-01 00:41:46,5.08,2021-01-01 13:11:46,2021-01-01 13:31:33,1187
197,132,1,2,0.0,0.5,19.0,0.3,0.5,1,2,N,0.0,0.0,20.3,2021-01-01 00:49:58,2021-01-01 00:38:23,6.43,2021-01-01 13:08:23,2021-01-01 13:19:58,695
28,236,1,1,2.5,3.0,39.0,0.3,0.5,0,1,N,0.0,6.12,48.92,2021-01-01 00:24:16,2021-01-01 00:01:13,14.3,2021-01-01 12:31:13,2021-01-01 12:54:16,1383
236,141,1,1,2.5,3.0,5.5,0.3,0.5,1,1,N,2.0,0.0,11.3,2021-01-01 00:18:40,2021-01-01 00:14:54,1.2,2021-01-01 12:44:54,2021-01-01 12:48:40,226
229,161,1,1,2.5,3.0,5.5,0.3,0.5,2,1,N,1.0,0.0,10.3,2021-01-01 00:33:11,2021-01-01 00:27:18,.70,2021-01-01 12:57:18,2021-01-01 13:03:11,353
41,143,1,1,2.5,3.0,11.5,0.3,0.5,1,2,Y,0.0,0.0,15.3,2021-01-01 01:10:48,2021-01-01 00:59:35,3.3,2021-01-01 13:29:35,2021-01-01 13:40:48,673
265,70,4,2,0.0,0.5,46.0,0.3,0.5,2,1,N,9.46,0.0,56.76,2021-01-01 00:41:04,2021-01-01 00:17:53,15.19,2021-01-01 12:47:53,2021-01-01 13:11:04,1391
231,100,1,2,2.5,0.5,12.0,0.3,0.5,1,1,N,3.16,0.0,18.96,2021-01-01 00:36:58,2021-01-01 00:24:43,3.4,2021-01-01 12:54:43,2021-01-01 13:06:58,735
233,249,1,2,2.5,0.5,10.5,0.3,0.5,1,1,N,2.86,0.0,17.16,2021-01-01 01:07:07,2021-01-01 00:56:49,2.76,2021-01-01 13:26:49,2021-01-01 13:37:07,618
233,233,5,1,0.0,0.0,12.0,0.3,0.0,2,1,N,2.45,0.0,14.75,2021-01-01 00:31:04,2021-01-01 00:30:33,.00,2021-01-01 13:00:33,2021-01-01 13:01:04,31
141,237,1,1,2.5,3.0,4.0,0.3,0.5,1,1,N,2.0,0.0,9.8,2021-01-01 00:53:16,2021-01-01 00:51:15,.60,2021-01-01 13:21:15,2021-01-01 13:23:16,121
229,142,1,2,2.5,0.5,9.0,0.3,0.5,2,1,N,5.0,0.0,17.8,2021-01-01 00:27:29,2021-01-01 00:18:14,1.98,2021-01-01 12:48:14,2021-01-01 12:57:29,555
137,229,1,2,2.5,0.5,10.0,0.3,0.5,2,1,N,2.76,0.0,16.56,2021-01-01 00:37:21,2021-01-01 00:30:45,2.71,2021-01-01 13:00:45,2021-01-01 13:07:21,396
144,79,1,2,2.5,0.5,7.0,0.3,0.5,1,2,N,0.0,0.0,10.8,2021-01-01 01:01:17,2021-01-01 00:53:17,1.07,2021-01-01 13:23:17,2021-01-01 13:31:17,480
230,100,1,2,2.5,0.5,11.0,0.3,0.5,1,2,N,0.0,0.0,14.8,2021-01-01 00:42:11,2021-01-01 00:24:21,.81,2021-01-01 12:54:21,2021-01-01 13:12:11,1070
79,186,1,2,2.5,0.5,11.0,0.3,0.5,1,2,N,0.0,0.0,14.8,2021-01-01 00:14:52,2021-01-01 00:02:18,2.27,2021-01-01 12:32:18,2021-01-01 12:44:52,754
162,107,1,2,2.5,0.5,7.5,0.3,0.5,1,2,N,0.0,0.0,11.3,2021-01-01 00:24:46,2021-01-01 00:17:53,1.5,2021-01-01 12:47:53,2021-01-01 12:54:46,413
90,90,1,2,2.5,0.5,4.5,0.3,0.5,2,1,N,2.0,0.0,10.3,2021-01-01 00:44:39,2021-01-01 00:40:48,.77,2021-01-01 13:10:48,2021-01-01 13:14:39,231
164,48,1,2,2.5,0.5,8.5,0.3,0.5,1,1,N,3.69,0.0,15.99,2021-01-01 00:15:54,2021-01-01 00:04:58,1.73,2021-01-01 12:34:58,2021-01-01 12:45:54,656
237,162,1,2,2.5,0.5,6.5,0.3,0.5,1,2,N,0.0,0.0,10.3,2021-01-01 00:49:47,2021-01-01 00:44:23,1.44,2021-01-01 13:14:23,2021-01-01 13:19:47,324
249,234,1,2,2.5,0.5,5.5,0.3,0.5,1,1,N,2.32,0.0,11.62,2021-01-01 00:29:40,2021-01-01 00:25:27,1.08,2021-01-01 12:55:27,2021-01-01 12:59:40,253
239,234,1,2,2.5,0.5,17.5,0.3,0.5,1,1,N,5.32,0.0,26.62,2021-01-01 01:12:33,2021-01-01 00:53:48,4.69,2021-01-01 13:23:48,2021-01-01 13:42:33,1125
133,90,1,1,2.5,3.0,28.0,0.3,0.5,1,1,N,7.95,0.0,39.75,2021-01-01 01:10:58,2021-01-01 00:50:44,9.6,2021-01-01 13:20:44,2021-01-01 13:40:58,1214
236,229,1,2,2.5,0.5,6.5,0.3,0.5,4,1,N,3.09,0.0,13.39,2021-01-01 00:13:28,2021-01-01 00:09:00,1.49,2021-01-01 12:39:00,2021-01-01 12:43:28,268
79,137,1,2,2.5,0.5,7.0,0.3,0.5,4,1,N,2.16,0.0,12.96,2021-01-01 00:49:37,2021-01-01 00:43:45,1.62,2021-01-01 13:13:45,2021-01-01 13:19:37,352
229,107,1,1,2.5,3.0,6.5,0.3,0.5,1,1,N,2.0,0.0,12.3,2021-01-01 00:36:37,2021-01-01 00:32:42,1.6,2021-01-01 13:02:42,2021-01-01 13:06:37,235
141,236,1,2,2.5,0.5,7.0,0.3,0.5,1,1,N,2.7,0.0,13.5,2021-01-01 00:07:39,2021-01-01 00:02:05,1.6,2021-01-01 12:32:05,2021-01-01 12:37:39,334
75,237,1,2,2.5,0.5,9.0,0.3,0.5,1,2,N,0.0,0.0,12.8,2021-01-01 00:20:55,2021-01-01 00:13:16,2.54,2021-01-01 12:43:16,2021-01-01 12:50:55,459
79,141,1,2,2.5,0.5,12.0,0.3,0.5,1,1,N,3.16,0.0,18.96,2021-01-01 01:04:39,2021-01-01 00:54:27,3.78,2021-01-01 13:24:27,2021-01-01 13:34:39,612
68,48,1,2,2.5,0.5,6.0,0.3,0.5,1,1,N,2.94,0.0,12.74,2021-01-01 00:28:01,2021-01-01 00:22:50,1.25,2021-01-01 12:52:50,2021-01-01 12:58:01,311
263,142,1,2,2.5,0.5,11.5,0.3,0.5,1,2,N,0.0,0.0,15.3,2021-01-01 00:13:59,2021-01-01 00:02:00,2.52,2021-01-01 12:32:00,2021-01-01 12:43:59,719
237,236,1,2,2.5,0.5,6.0,0.3,0.5,1,1,N,2.45,0.0,12.25,2021-01-01 00:24:32,2021-01-01 00:19:59,1.18,2021-01-01 12:49:59,2021-01-01 12:54:32,273
158,143,1,2,2.5,0.5,15.5,0.3,0.5,1,1,N,4.7,0.0,24.0,2021-01-01 00:54:48,2021-01-01 00:36:40,3.85,2021-01-01 13:06:40,2021-01-01 13:24:48,1088
116,142,1,1,2.5,3.0,17.0,0.3,0.5,1,2,N,0.0,0.0,20.8,2021-01-01 00:44:55,2021-01-01 00:32:01,5.2,2021-01-01 13:02:01,2021-01-01 13:14:55,774
256,107,1,1,0.0,0.0,17.2,0.3,0.5,1,1,N,0.0,0.0,18.0,2021-01-01 00:24:57,2021-01-01 00:11:12,.00,2021-01-01 12:41:12,2021-01-01 12:54:57,825
49,137,1,2,2.5,0.5,18.5,0.3,0.5,4,1,N,4.0,0.0,26.3,2021-01-01 00:39:16,2021-01-01 00:19:18,5.04,2021-01-01 12:49:18,2021-01-01 13:09:16,1198
237,234,1,2,2.5,0.5,10.0,0.3,0.5,1,1,N,4.14,0.0,17.94,2021-01-01 00:52:05,2021-01-01 00:40:35,2.41,2021-01-01 13:10:35,2021-01-01 13:22:05,690
170,68,1,2,2.5,0.5,9.5,0.3,0.5,1,2,N,0.0,0.0,13.3,2021-01-01 00:21:10,2021-01-01 00:10:26,2.09,2021-01-01 12:40:26,2021-01-01 12:51:10,644
75,166,1,2,0.0,0.5,8.5,0.3,0.5,2,1,N,2.45,0.0,12.25,2021-01-01 00:18:00,2021-01-01 00:08:32,1.57,2021-01-01 12:38:32,2021-01-01 12:48:00,568
74,151,1,2,0.0,0.5,11.5,0.3,0.5,2,2,N,0.0,0.0,12.8,2021-01-01 00:37:38,2021-01-01 00:25:24,2.6,2021-01-01 12:55:24,2021-01-01 13:07:38,734
163,237,1,2,2.5,0.5,5.5,0.3,0.5,1,1,N,2.33,0.0,11.63,2021-01-01 00:39:59,2021-01-01 00:35:30,1.02,2021-01-01 13:05:30,2021-01-01 13:09:59,269
263,238,1,1,2.5,3.0,8.0,0.3,0.5,1,1,N,2.95,0.0,14.75,2021-01-01 00:59:51,2021-01-01 00:52:09,1.8,2021-01-01 13:22:09,2021-01-01 13:29:51,462
233,13,1,2,2.5,0.5,20.0,0.3,0.5,1,2,N,0.0,0.0,23.8,2021-01-01 00:28:58,2021-01-01 00:16:13,6.45,2021-01-01 12:46:13,2021-01-01 12:58:58,765
151,231,1,2,2.5,0.5,24.0,0.3,0.5,1,1,N,5.56,0.0,33.36,2021-01-01 01:10:30,2021-01-01 00:48:28,7.12,2021-01-01 13:18:28,2021-01-01 13:40:30,1322
142,249,1,1,2.5,3.0,14.5,0.3,0.5,1,1,N,5.45,0.0,23.75,2021-01-01 00:27:14,2021-01-01 00:12:48,4.1,2021-01-01 12:42:48,2021-01-01 12:57:14,866
229,239,1,2,2.5,0.5,12.0,0.3,0.5,1,1,N,3.16,0.0,18.96,2021-01-01 00:32:56,2021-01-01 00:20:29,2.96,2021-01-01 12:50:29,2021-01-01 13:02:56,747
195,48,1,2,2.5,0.5,23.0,0.3,0.5,1,1,N,5.36,0.0,32.16,2021-01-01 01:22:59,2021-01-01 00:59:24,7.35,2021-01-01 13:29:24,2021-01-01 13:52:59,1415
75,142,1,1,2.5,3.0,9.5,0.3,0.5,3,1,N,2.5,0.0,15.8,2021-01-01 00:40:59,2021-01-01 00:32:58,2.5,2021-01-01 13:02:58,2021-01-01 13:10:59,481
145,230,1,1,2.5,3.0,10.0,0.3,0.5,1,1,N,2.75,0.0,16.55,2021-01-01 00:49:39,2021-01-01 00:41:19,2.7,2021-01-01 13:11:19,2021-01-01 13:19:39,500
48,239,1,1,2.5,3.0,6.0,0.3,0.5,1,2,N,0.0,0.0,9.8,2021-01-01 00:12:55,2021-01-01 00:08:06,1.2,2021-01-01 12:38:06,2021-01-01 12:42:55,289
107,48,1,1,2.5,3.0,9.5,0.3,0.5,1,2,N,0.0,0.0,13.3,2021-01-01 00:26:34,2021-01-01 00:16:43,2.4,2021-01-01 12:46:43,2021-01-01 12:56:34,591
107,107,1,1,2.5,3.0,3.5,0.3,0.5,1,1,N,1.45,0.0,8.75,2021-01-01 00:29:30,2021-01-01 00:27:30,.40,2021-01-01 12:57:30,2021-01-01 12:59:30,120
164,161,1,2,2.5,0.5,9.0,0.3,0.5,1,2,N,0.0,0.0,12.8,2021-01-01 00:48:52,2021-01-01 00:36:54,1.2,2021-01-01 13:06:54,2021-01-01 13:18:52,718
228,113,1,1,2.5,3.0,24.5,0.3,0.5,1,2,N,0.0,0.0,28.3,2021-01-01 00:38:24,2021-01-01 00:11:28,6.8,2021-01-01 12:41:28,2021-01-01 13:08:24,1616
236,229,1,2,2.5,0.5,6.0,0.3,0.5,1,1,N,1.96,0.0,11.76,2021-01-01 00:23:31,2021-01-01 00:20:17,1.42,2021-01-01 12:50:17,2021-01-01 12:53:31,194
236,237,1,2,2.5,0.5,4.5,0.3,0.5,1,2,N,0.0,0.0,8.3,2021-01-01 00:18:32,2021-01-01 00:15:33,.81,2021-01-01 12:45:33,2021-01-01 12:48:32,179
263,75,1,2,2.5,0.5,5.5,0.3,0.5,2,1,N,0.93,0.0,10.23,2021-01-01 00:38:44,2021-01-01 00:34:35,1.06,2021-01-01 13:04:35,2021-01-01 13:08:44,249
140,229,1,2,2.5,0.5,6.0,0.3,0.5,2,2,N,0.0,0.0,9.8,2021-01-01 00:52:39,2021-01-01 00:48:04,1.34,2021-01-01 13:18:04,2021-01-01 13:22:39,275
236,140,1,2,2.5,0.5,8.0,0.3,0.5,2,1,N,2.36,0.0,14.16,2021-01-01 01:01:56,2021-01-01 00:53:45,1.5,2021-01-01 13:23:45,2021-01-01 13:31:56,491
41,43,1,2,2.5,0.5,7.5,0.3,0.5,3,2,N,0.0,0.0,11.3,2021-01-01 00:07:21,2021-01-01 00:01:01,1.48,2021-01-01 12:31:01,2021-01-01 12:37:21,380
107,43,1,2,2.5,0.5,12.5,0.3,0.5,3,1,N,3.26,0.0,19.56,2021-01-01 00:55:09,2021-01-01 00:40:58,3.13,2021-01-01 13:10:58,2021-01-01 13:25:09,851
137,230,1,1,2.5,3.0,12.0,0.3,0.5,2,1,Y,3.15,0.0,18.95,2021-01-01 00:56:18,2021-01-01 00:41:07,2.5,2021-01-01 13:11:07,2021-01-01 13:26:18,911
229,237,1,2,2.5,0.5,4.5,0.3,0.5,1,1,N,1.66,0.0,9.96,2021-01-01 00:15:25,2021-01-01 00:11:57,.66,2021-01-01 12:41:57,2021-01-01 12:45:25,208
236,262,1,2,2.5,0.5,5.0,0.3,0.5,1,2,N,0.0,0.0,8.8,2021-01-01 00:26:25,2021-01-01 00:22:01,.69,2021-01-01 12:52:01,2021-01-01 12:56:25,264
107,236,1,2,2.5,0.5,10.5,0.3,0.5,1,1,N,2.86,0.0,17.16,2021-01-01 00:51:43,2021-01-01 00:42:55,3.05,2021-01-01 13:12:55,2021-01-01 13:21:43,528
162,237,1,2,2.5,0.5,4.5,0.3,0.5,1,2,N,0.0,0.0,8.3,2021-01-01 00:45:02,2021-01-01 00:41:47,.77,2021-01-01 13:11:47,2021-01-01 13:15:02,195
151,68,1,2,2.5,0.5,15.0,0.3,0.5,2,1,N,3.76,0.0,22.56,2021-01-01 00:17:45,2021-01-01 00:04:15,4.36,2021-01-01 12:34:15,2021-01-01 12:47:45,810
161,238,1,2,2.5,0.5,13.5,0.3,0.5,3,2,N,0.0,0.0,17.3,2021-01-01 00:37:49,2021-01-01 00:21:35,2.95,2021-01-01 12:51:35,2021-01-01 13:07:49,974
262,68,1,2,2.5,0.5,16.0,0.3,0.5,1,1,N,3.96,0.0,23.76,2021-01-01 00:45:22,2021-01-01 00:27:21,4.29,2021-01-01 12:57:21,2021-01-01 13:15:22,1081
13,100,5,2,2.5,0.0,25.0,0.3,0.0,1,1,N,0.0,0.0,27.8,2021-01-01 00:26:24,2021-01-01 00:09:50,4.18,2021-01-01 12:39:50,2021-01-01 12:56:24,994
239,68,1,2,2.5,0.5,12.0,0.3,0.5,2,2,N,0.0,0.0,15.8,2021-01-01 01:01:37,2021-01-01 00:49:06,3.47,2021-01-01 13:19:06,2021-01-01 13:31:37,751
141,236,1,2,2.5,0.5,5.5,0.3,0.5,1,1,N,1.86,0.0,11.16,2021-01-01 00:25:06,2021-01-01 00:20:22,.96,2021-01-01 12:50:22,2021-01-01 12:55:06,284
161,161,1,2,2.5,0.5,5.5,0.3,0.5,1,2,N,0.0,0.0,9.3,2021-01-01 00:41:00,2021-01-01 00:35:16,.56,2021-01-01 13:05:16,2021-01-01 13:11:00,344
61,7,1,1,0.0,0.5,45.5,0.3,0.5,2,2,N,0.0,0.0,46.8,2021-01-01 01:17:07,2021-01-01 00:40:27,15.4,2021-01-01 13:10:27,2021-01-01 13:47:07,2200
140,233,1,1,2.5,3.0,6.5,0.3,0.5,2,1,N,1.0,0.0,11.3,2021-01-01 00:33:57,2021-01-01 00:29:11,1.5,2021-01-01 12:59:11,2021-01-01 13:03:57,286
202,262,1,1,2.5,3.0,14.5,0.3,0.5,1,2,N,0.0,0.0,18.3,2021-01-01 00:51:20,2021-01-01 00:37:21,4.2,2021-01-01 13:07:21,2021-01-01 13:21:20,839
181,230,1,2,2.5,0.5,30.0,0.3,0.5,1,1,N,6.76,0.0,40.56,2021-01-01 01:29:28,2021-01-01 00:55:27,8.89,2021-01-01 13:25:27,2021-01-01 13:59:28,2041
41,249,1,2,2.5,0.5,21.5,0.3,0.5,1,1,N,3.0,0.0,28.3,2021-01-01 01:11:37,2021-01-01 00:48:39,6.53,2021-01-01 13:18:39,2021-01-01 13:41:37,1378
142,48,1,2,2.5,0.5,8.0,0.3,0.5,1,1,N,2.36,0.0,14.16,2021-01-01 00:41:51,2021-01-01 00:35:17,1.91,2021-01-01 13:05:17,2021-01-01 13:11:51,394
165,264,1,2,0.0,0.5,50.0,0.3,0.5,2,1,N,10.26,0.0,61.56,2021-01-01 00:51:26,2021-01-01 00:17:06,17.68,2021-01-01 12:47:06,2021-01-01 13:21:26,2060
75,113,1,1,2.5,3.0,16.0,0.3,0.5,2,1,N,2.97,0.0,22.77,2021-01-01 00:56:22,2021-01-01 00:41:19,5.1,2021-01-01 13:11:19,2021-01-01 13:26:22,903
170,164,1,2,2.5,0.5,3.5,0.3,0.5,2,1,N,1.46,0.0,8.76,2021-01-01 00:31:58,2021-01-01 00:29:38,.25,2021-01-01 12:59:38,2021-01-01 13:01:58,140
233,48,1,1,2.5,3.0,12.0,0.3,0.5,2,1,N,1.58,0.0,17.38,2021-01-01 00:26:40,2021-01-01 00:11:44,2.7,2021-01-01 12:41:44,2021-01-01 12:56:40,896
236,141,1,1,2.5,3.0,5.5,0.3,0.5,2,1,N,1.85,0.0,11.15,2021-01-01 00:56:24,2021-01-01 00:52:46,1.2,2021-01-01 13:22:46,2021-01-01 13:26:24,218
151,239,1,2,2.5,0.5,5.5,0.3,0.5,1,1,N,2.32,0.0,11.62,2021-01-01 00:23:10,2021-01-01 00:19:09,1,2021-01-01 12:49:09,2021-01-01 12:53:10,241
41,166,1,1,0.0,0.5,7.0,0.3,0.5,1,2,N,0.0,0.0,8.3,2021-01-01 00:13:47,2021-01-01 00:06:58,1.2,2021-01-01 12:36:58,2021-01-01 12:43:47,409
211,43,1,1,2.5,3.0,21.0,0.3,0.5,1,1,N,7.4,0.0,32.2,2021-01-01 00:44:31,2021-01-01 00:22:56,6.3,2021-01-01 12:52:56,2021-01-01 13:14:31,1295
79,113,1,1,2.5,3.0,6.0,0.3,0.5,2,1,N,1.95,0.0,11.75,2021-01-01 00:54:36,2021-01-01 00:49:04,1,2021-01-01 13:19:04,2021-01-01 13:24:36,332
236,142,1,2,2.5,0.5,8.0,0.3,0.5,1,1,N,2.95,0.0,14.75,2021-01-01 00:23:06,2021-01-01 00:15:41,1.71,2021-01-01 12:45:41,2021-01-01 12:53:06,445
263,263,1,2,2.5,0.5,3.5,0.3,0.5,1,1,N,1.31,0.0,8.61,2021-01-01 00:44:07,2021-01-01 00:42:45,.46,2021-01-01 13:12:45,2021-01-01 13:14:07,82
107,263,1,2,2.5,0.5,10.0,0.3,0.5,1,1,N,2.76,0.0,16.56,2021-01-01 00:53:37,2021-01-01 00:45:05,2.88,2021-01-01 13:15:05,2021-01-01 13:23:37,512
88,107,1,2,2.5,0.5,13.5,0.3,0.5,1,1,N,3.46,0.0,20.76,2021-01-01 01:03:27,2021-01-01 00:54:12,4.11,2021-01-01 13:24:12,2021-01-01 13:33:27,555
162,107,1,2,2.5,0.5,7.0,0.3,0.5,1,1,N,2.16,0.0,12.96,2021-01-01 00:36:42,2021-01-01 00:31:51,1.95,2021-01-01 13:01:51,2021-01-01 13:06:42,291
163,141,1,2,2.5,0.5,8.0,0.3,0.5,1,1,N,2.36,0.0,14.16,2021-01-01 00:50:17,2021-01-01 00:42:43,1.68,2021-01-01 13:12:43,2021-01-01 13:20:17,454
66,137,1,2,2.5,0.5,19.0,0.3,0.5,1,2,N,0.0,0.0,22.8,2021-01-01 00:44:51,2021-01-01 00:30:02,5.9,2021-01-01 13:00:02,2021-01-01 13:14:51,889
166,239,1,2,2.5,0.5,8.0,0.3,0.5,1,1,N,2.95,0.0,14.75,2021-01-01 00:21:22,2021-01-01 00:14:03,1.53,2021-01-01 12:44:03,2021-01-01 12:51:22,439
41,151,1,2,0.0,0.5,8.0,0.3,0.5,1,1,N,1.86,0.0,11.16,2021-01-01 00:32:56,2021-01-01 00:25:06,1.59,2021-01-01 12:55:06,2021-01-01 13:02:56,470
4,238,1,1,2.5,3.0,17.5,0.3,0.5,1,1,N,2.0,0.0,23.3,2021-01-01 00:37:30,2021-01-01 00:24:14,5.6,2021-01-01 12:54:14,2021-01-01 13:07:30,796
249,114,1,1,2.5,3.0,6.0,0.3,0.5,2,1,N,2.9,0.0,12.7,2021-01-01 00:51:56,2021-01-01 00:46:03,.80,2021-01-01 13:16:03,2021-01-01 13:21:56,353
143,144,1,2,2.5,0.5,20.0,0.3,0.5,1,1,N,5.0,0.0,28.8,2021-01-01 01:08:25,2021-01-01 00:48:55,5.74,2021-01-01 13:18:55,2021-01-01 13:38:25,1170
239,170,1,2,2.5,0.5,13.0,0.3,0.5,1,1,N,3.36,0.0,20.16,2021-01-01 01:01:40,2021-01-01 00:48:39,3.67,2021-01-01 13:18:39,2021-01-01 13:31:40,781
164,90,1,2,2.5,0.5,9.0,0.3,0.5,1,2,N,0.0,0.0,12.8,2021-01-01 00:26:03,2021-01-01 00:14:23,1.25,2021-01-01 12:44:23,2021-01-01 12:56:03,700
244,161,1,2,2.5,0.5,27.0,0.3,0.5,1,1,N,9.24,0.0,40.04,2021-01-01 00:55:30,2021-01-01 00:32:52,7.99,2021-01-01 13:02:52,2021-01-01 13:25:30,1358
68,48,1,2,2.5,0.5,6.0,0.3,0.5,1,2,N,0.0,0.0,9.8,2021-01-01 00:25:42,2021-01-01 00:19:38,.94,2021-01-01 12:49:38,2021-01-01 12:55:42,364
89,89,5,2,0.0,0.0,45.0,0.3,0.0,1,1,N,0.0,0.0,45.3,2021-01-01 00:53:29,2021-01-01 00:53:25,.00,2021-01-01 13:23:25,2021-01-01 13:23:29,4
239,238,1,2,2.5,0.5,6.0,0.3,0.5,1,1,N,1.47,0.0,11.27,2021-01-01 00:18:28,2021-01-01 00:12:58,1.11,2021-01-01 12:42:58,2021-01-01 12:48:28,330
141,263,1,1,2.5,3.0,4.5,0.3,0.5,1,1,N,1.7,0.0,10.0,2021-01-01 00:19:41,2021-01-01 00:17:25,.90,2021-01-01 12:47:25,2021-01-01 12:49:41,136
233,100,1,1,2.5,3.0,6.0,0.3,0.5,1,1,N,2.45,0.0,12.25,2021-01-01 01:03:40,2021-01-01 00:57:55,1,2021-01-01 13:27:55,2021-01-01 13:33:40,345
75,43,1,2,2.5,0.5,7.0,0.3,0.5,2,1,N,2.16,0.0,12.96,2021-01-01 00:31:01,2021-01-01 00:25:10,1.44,2021-01-01 12:55:10,2021-01-01 13:01:01,351
142,141,1,2,2.5,0.5,8.0,0.3,0.5,1,1,N,1.18,0.0,12.98,2021-01-01 00:35:59,2021-01-01 00:28:48,1.78,2021-01-01 12:58:48,2021-01-01 13:05:59,431
141,142,1,2,2.5,0.5,7.5,0.3,0.5,1,2,N,0.0,0.0,11.3,2021-01-01 00:46:12,2021-01-01 00:39:11,1.62,2021-01-01 13:09:11,2021-01-01 13:16:12,421
164,164,1,2,2.5,0.5,4.0,0.3,0.5,2,2,N,0.0,0.0,7.8,2021-01-01 00:15:39,2021-01-01 00:12:07,.37,2021-01-01 12:42:07,2021-01-01 12:45:39,212
162,162,1,2,2.5,0.5,4.0,0.3,0.5,1,1,N,2.34,0.0,10.14,2021-01-01 00:40:15,2021-01-01 00:38:30,.74,2021-01-01 13:08:30,2021-01-01 13:10:15,105
237,142,1,1,2.5,3.0,6.5,0.3,0.5,1,2,N,0.0,0.0,10.3,2021-01-01 00:50:23,2021-01-01 00:45:41,1.4,2021-01-01 13:15:41,2021-01-01 13:20:23,282
61,137,1,2,2.5,0.5,21.5,0.3,0.5,1,2,N,0.0,0.0,25.3,2021-01-01 00:32:23,2021-01-01 00:10:46,6.5,2021-01-01 12:40:46,2021-01-01 13:02:23,1297
159,137,1,2,2.5,0.5,22.0,0.3,0.5,1,1,N,2.0,0.0,27.8,2021-01-01 01:11:11,2021-01-01 00:54:47,7.08,2021-01-01 13:24:47,2021-01-01 13:41:11,984
61,45,1,2,2.5,0.5,21.5,0.3,0.5,1,1,N,5.06,0.0,30.36,2021-01-01 00:32:52,2021-01-01 00:09:14,5.97,2021-01-01 12:39:14,2021-01-01 13:02:52,1418
137,107,1,2,2.5,0.5,4.0,0.3,0.5,1,1,N,0.0,0.0,7.8,2021-01-01 00:26:05,2021-01-01 00:24:32,.76,2021-01-01 12:54:32,2021-01-01 12:56:05,93
229,229,1,2,2.5,0.5,15.5,0.3,0.5,1,2,N,0.0,0.0,19.3,2021-01-01 00:50:00,2021-01-01 00:30:40,3.72,2021-01-01 13:00:40,2021-01-01 13:20:00,1160
229,163,1,2,2.5,0.5,5.5,0.3,0.5,1,1,N,1.86,0.0,11.16,2021-01-01 00:59:26,2021-01-01 00:54:50,.94,2021-01-01 13:24:50,2021-01-01 13:29:26,276
237,263,1,2,2.5,0.5,6.0,0.3,0.5,5,1,N,1.96,0.0,11.76,2021-01-01 00:26:43,2021-01-01 00:23:04,1.44,2021-01-01 12:53:04,2021-01-01 12:56:43,219
140,140,1,2,2.5,0.5,4.0,0.3,0.5,5,2,N,0.0,0.0,7.8,2021-01-01 00:35:44,2021-01-01 00:33:54,.53,2021-01-01 13:03:54,2021-01-01 13:05:44,110
229,262,1,2,2.5,0.5,7.0,0.3,0.5,5,2,N,0.0,0.0,10.8,2021-01-01 00:51:44,2021-01-01 00:45:32,1.45,2021-01-01 13:15:32,2021-01-01 13:21:44,372
161,229,1,2,2.5,0.5,8.0,0.3,0.5,5,2,N,0.0,0.0,11.8,2021-01-01 01:01:34,2021-01-01 00:53:17,1.79,2021-01-01 13:23:17,2021-01-01 13:31:34,497
141,142,1,1,2.5,3.0,10.0,0.3,0.5,1,1,N,2.75,0.0,16.55,2021-01-01 00:26:12,2021-01-01 00:16:17,2.4,2021-01-01 12:46:17,2021-01-01 12:56:12,595
181,132,1,2,0.0,0.5,55.0,0.3,0.5,1,1,N,16.89,0.0,73.19,2021-01-01 00:53:34,2021-01-01 00:22:05,20.26,2021-01-01 12:52:05,2021-01-01 13:23:34,1889
143,114,1,1,2.5,3.0,14.5,0.3,0.5,2,1,N,3.65,0.0,21.95,2021-01-01 00:33:47,2021-01-01 00:17:53,3.9,2021-01-01 12:47:53,2021-01-01 13:03:47,954
75,151,1,2,0.0,0.5,10.0,0.3,0.5,1,2,N,0.0,0.0,11.3,2021-01-01 00:18:07,2021-01-01 00:07:16,2.03,2021-01-01 12:37:16,2021-01-01 12:48:07,651
179,249,1,2,2.5,"","",0.3,0.5,3,1,N,8.04,0.0,34.84,2021-01-01 01:12:16,2021-01-01 00:47:58,7,2021-01-01 13:17:58,2021-01-01 13:42:16,1458
43,162,1,2,2.5,0.5,7.5,0.3,0.5,1,1,N,2.26,0.0,13.56,2021-01-01 00:55:45,2021-01-01 00:47:48,1.38,2021-01-01 13:17:48,2021-01-01 13:25:45,477
230,238,1,2,2.5,0.5,9.0,0.3,0.5,1,2,N,0.0,0.0,12.8,2021-01-01 01:08:29,2021-01-01 00:59:20,1.86,2021-01-01 13:29:20,2021-01-01 13:38:29,549
233,75,1,2,2.5,0.5,11.0,0.3,0.5,1,2,N,0.0,0.0,14.8,2021-01-01 00:29:48,2021-01-01 00:19:23,3.04,2021-01-01 12:49:23,2021-01-01 12:59:48,625
158,246,1,2,2.5,0.5,8.5,0.3,0.5,1,1,N,3.08,0.0,15.38,2021-01-01 00:57:32,2021-01-01 00:49:01,1.82,2021-01-01 13:19:01,2021-01-01 13:27:32,511
68,68,1,2,2.5,0.5,4.0,0.3,0.5,1,1,N,1.0,0.0,8.8,2021-01-01 00:13:07,2021-01-01 00:10:58,.41,2021-01-01 12:40:58,2021-01-01 12:43:07,129
116,68,1,2,2.5,0.5,22.0,0.3,0.5,1,1,N,2.0,0.0,27.8,2021-01-01 00:32:24,2021-01-01 00:15:44,6.91,2021-01-01 12:45:44,2021-01-01 13:02:24,1000
239,166,1,2,2.5,0.5,8.0,0.3,0.5,1,1,N,2.36,0.0,14.16,2021-01-01 00:50:10,2021-01-01 00:43:02,1.58,2021-01-01 13:13:02,2021-01-01 13:20:10,428
107,161,1,2,2.5,0.5,7.5,0.3,0.5,3,2,N,0.0,0.0,11.3,2021-01-01 00:23:37,2021-01-01 00:15:31,1.65,2021-01-01 12:45:31,2021-01-01 12:53:37,486
151,75,1,2,0.0,0.5,6.5,0.3,0.5,2,2,N,0.0,0.0,7.8,2021-01-01 00:50:54,2021-01-01 00:45:30,1.51,2021-01-01 13:15:30,2021-01-01 13:20:54,324
41,43,1,2,0.0,0.5,7.0,0.3,0.5,2,2,N,0.0,0.0,8.3,2021-01-01 01:00:21,2021-01-01 00:54:11,1.28,2021-01-01 13:24:11,2021-01-01 13:30:21,370
233,230,5,1,0.0,0.0,40.0,0.3,0.0,2,1,N,0.0,0.0,40.3,2021-01-01 00:46:53,2021-01-01 00:17:57,10.4,2021-01-01 12:47:57,2021-01-01 13:16:53,1736
260,137,1,1,2.5,3.0,25.5,0.3,0.5,1,1,N,5.85,0.0,35.15,2021-01-01 01:19:14,2021-01-01 00:49:47,6.4,2021-01-01 13:19:47,2021-01-01 13:49:14,1767
21,132,1,2,0.0,0.5,46.0,0.3,0.5,2,2,N,0.0,0.0,47.3,2021-01-01 00:58:02,2021-01-01 00:33:51,17.05,2021-01-01 13:03:51,2021-01-01 13:28:02,1451
262,170,1,1,2.5,3.0,9.5,0.3,0.5,2,1,N,2.65,0.0,15.95,2021-01-01 00:21:41,2021-01-01 00:14:12,2.8,2021-01-01 12:44:12,2021-01-01 12:51:41,449
4,161,1,2,2.5,0.5,13.0,0.3,0.5,1,2,N,0.0,0.0,16.8,2021-01-01 00:25:21,2021-01-01 00:11:22,3.36,2021-01-01 12:41:22,2021-01-01 12:55:21,839
236,79,1,2,2.5,0.5,18.0,0.3,0.5,1,1,N,2.0,0.0,23.8,2021-01-01 00:43:22,2021-01-01 00:28:41,5.44,2021-01-01 12:58:41,2021-01-01 13:13:22,881
142,43,1,2,2.5,0.5,5.0,0.3,0.5,1,1,N,1.76,0.0,10.56,2021-01-01 00:51:44,2021-01-01 00:49:07,.98,2021-01-01 13:19:07,2021-01-01 13:21:44,157
142,230,1,2,2.5,0.5,6.0,0.3,0.5,3,2,N,0.0,0.0,9.8,2021-01-01 00:30:20,2021-01-01 00:24:52,1.08,2021-01-01 12:54:52,2021-01-01 13:00:20,328
240,91,1,2,0.0,0.5,86.5,0.3,0.5,1,1,N,2.75,6.12,96.67,2021-01-01 01:21:47,2021-01-01 00:38:55,33.18,2021-01-01 13:08:55,2021-01-01 13:51:47,2572
145,161,1,2,2.5,0.5,9.5,0.3,0.5,1,2,N,0.0,6.12,19.42,2021-01-01 00:47:49,2021-01-01 00:39:33,2.41,2021-01-01 13:09:33,2021-01-01 13:17:49,496
48,246,1,2,2.5,0.5,10.5,0.3,0.5,1,2,N,0.0,0.0,14.3,2021-01-01 00:27:32,2021-01-01 00:14:33,2.37,2021-01-01 12:44:33,2021-01-01 12:57:32,779
79,48,1,2,2.5,0.5,15.0,0.3,0.5,1,1,N,4.7,0.0,23.5,2021-01-01 00:50:32,2021-01-01 00:31:40,3.6,2021-01-01 13:01:40,2021-01-01 13:20:32,1132
263,90,1,2,2.5,0.5,10.5,0.3,0.5,1,1,N,3.58,0.0,17.88,2021-01-01 00:36:42,2021-01-01 00:26:59,2.79,2021-01-01 12:56:59,2021-01-01 13:06:42,583
263,263,1,2,2.5,0.5,4.5,0.3,0.5,1,1,N,2.08,0.0,10.38,2021-01-01 00:49:14,2021-01-01 00:45:53,.59,2021-01-01 13:15:53,2021-01-01 13:19:14,201
47,78,1,2,0.0,0.5,8.5,0.3,0.5,1,2,N,0.0,0.0,9.8,2021-01-01 00:59:08,2021-01-01 00:50:16,1.53,2021-01-01 13:20:16,2021-01-01 13:29:08,532
232,148,1,2,2.5,0.5,4.5,0.3,0.5,1,1,N,1.66,0.0,9.96,2021-01-01 00:12:22,2021-01-01 00:07:45,.54,2021-01-01 12:37:45,2021-01-01 12:42:22,277
97,107,1,2,2.5,0.5,15.0,0.3,0.5,1,1,N,3.38,0.0,22.18,2021-01-01 00:38:44,2021-01-01 00:23:05,3.85,2021-01-01 12:53:05,2021-01-01 13:08:44,939
263,97,1,2,2.5,0.5,22.0,0.3,0.5,1,1,N,7.74,0.0,33.54,2021-01-01 01:01:46,2021-01-01 00:40:06,7.25,2021-01-01 13:10:06,2021-01-01 13:31:46,1300
140,164,1,2,2.5,0.5,10.5,0.3,0.5,1,1,N,2.86,0.0,17.16,2021-01-01 00:44:17,2021-01-01 00:32:33,2.41,2021-01-01 13:02:33,2021-01-01 13:14:17,704
137,79,1,1,2.5,3.0,6.5,0.3,0.5,1,1,Y,2.55,0.0,12.85,2021-01-01 00:37:59,2021-01-01 00:32:34,1.5,2021-01-01 13:02:34,2021-01-01 13:07:59,325
262,230,1,2,2.5,0.5,12.5,0.3,0.5,1,2,N,0.0,0.0,16.3,2021-01-01 00:47:49,2021-01-01 00:32:43,2.62,2021-01-01 13:02:43,2021-01-01 13:17:49,906
68,90,1,2,2.5,0.5,4.0,0.3,0.5,1,1,N,1.95,0.0,9.75,2021-01-01 00:28:14,2021-01-01 00:25:12,.59,2021-01-01 12:55:12,2021-01-01 12:58:14,182
148,249,1,2,2.5,0.5,7.0,0.3,0.5,2,1,N,2.16,0.0,12.96,2021-01-01 00:49:12,2021-01-01 00:42:13,1.2,2021-01-01 13:12:13,2021-01-01 13:19:12,419
114,148,1,1,2.5,3.0,5.0,0.3,0.5,1,2,N,0.0,0.0,8.8,2021-01-01 00:35:28,2021-01-01 00:32:00,.90,2021-01-01 13:02:00,2021-01-01 13:05:28,208
130,100,1,1,2.5,3.0,41.5,0.3,0.5,1,3,N,0.0,0.0,45.3,2021-01-01 01:20:18,2021-01-01 00:46:41,14,2021-01-01 13:16:41,2021-01-01 13:50:18,2017
211,211,1,1,2.5,3.0,4.5,0.3,0.5,2,1,N,1.65,0.0,9.95,2021-01-01 00:43:53,2021-01-01 00:40:07,.40,2021-01-01 13:10:07,2021-01-01 13:13:53,226
79,234,1,1,2.5,3.0,6.5,0.3,0.5,2,2,N,0.0,0.0,10.3,2021-01-01 00:59:30,2021-01-01 00:52:55,1.1,2021-01-01 13:22:55,2021-01-01 13:29:30,395
237,234,1,2,2.5,0.5,10.5,0.3,0.5,1,1,N,3.58,0.0,17.88,2021-01-01 00:30:27,2021-01-01 00:20:21,2.88,2021-01-01 12:50:21,2021-01-01 13:00:27,606
79,113,1,2,2.5,0.5,8.0,0.3,0.5,1,1,N,3.54,0.0,15.34,2021-01-01 00:42:37,2021-01-01 00:33:18,1.46,2021-01-01 13:03:18,2021-01-01 13:12:37,559
141,170,1,2,2.5,0.5,8.0,0.3,0.5,1,1,N,2.95,0.0,14.75,2021-01-01 01:00:01,2021-01-01 00:53:44,2.08,2021-01-01 13:23:44,2021-01-01 13:30:01,377
90,138,1,1,2.5,3.0,27.5,0.3,0.5,1,2,N,0.0,6.12,37.42,2021-01-01 00:19:57,2021-01-01 00:00:36,9.4,2021-01-01 12:30:36,2021-01-01 12:49:57,1161
211,234,1,1,2.5,3.0,8.0,0.3,0.5,3,1,N,1.0,0.0,12.8,2021-01-01 00:34:43,2021-01-01 00:25:18,1.4,2021-01-01 12:55:18,2021-01-01 13:04:43,565
262,141,1,1,2.5,3.0,5.5,0.3,0.5,1,1,N,1.85,0.0,11.15,2021-01-01 00:51:52,2021-01-01 00:47:35,1.1,2021-01-01 13:17:35,2021-01-01 13:21:52,257
255,132,1,2,0.0,0.5,42.5,0.3,0.5,2,1,N,10.95,0.0,54.75,2021-01-01 00:48:05,2021-01-01 00:27:18,15.73,2021-01-01 12:57:18,2021-01-01 13:18:05,1247
141,163,1,2,2.5,0.5,7.5,0.3,0.5,1,1,N,2.82,0.0,14.12,2021-01-01 01:03:31,2021-01-01 00:55:10,1.64,2021-01-01 13:25:10,2021-01-01 13:33:31,501
75,164,1,2,2.5,0.5,13.0,0.3,0.5,1,2,N,0.0,0.0,16.8,2021-01-01 00:45:39,2021-01-01 00:31:44,3.74,2021-01-01 13:01:44,2021-01-01 13:15:39,835
264,264,1,2,2.5,0.5,5.0,0.3,0.5,3,2,N,0.0,0.0,8.8,2021-01-01 00:18:57,2021-01-01 00:15:51,.94,2021-01-01 12:45:51,2021-01-01 12:48:57,186
264,264,1,2,2.5,0.5,11.0,0.3,0.5,5,1,N,4.44,0.0,19.24,2021-01-01 00:33:05,2021-01-01 00:21:54,3,2021-01-01 12:51:54,2021-01-01 13:03:05,671
264,264,1,2,0.0,0.5,22.5,0.3,0.5,5,2,N,0.0,0.0,23.8,2021-01-01 01:02:57,2021-01-01 00:42:14,7.04,2021-01-01 13:12:14,2021-01-01 13:32:57,1243
229,170,1,1,2.5,3.0,7.0,0.3,0.5,2,2,N,0.0,0.0,10.8,2021-01-01 00:14:33,2021-01-01 00:07:22,1.3,2021-01-01 12:37:22,2021-01-01 12:44:33,431
262,140,1,1,2.5,3.0,5.0,0.3,0.5,1,1,N,1.76,0.0,10.56,2021-01-01 00:20:59,2021-01-01 00:18:19,1.1,2021-01-01 12:48:19,2021-01-01 12:50:59,160
87,262,1,1,2.5,3.0,20.5,0.3,0.5,2,1,Y,4.85,0.0,29.15,2021-01-01 00:35:36,2021-01-01 00:23:37,6.9,2021-01-01 12:53:37,2021-01-01 13:05:36,719
68,107,1,2,2.5,0.5,9.0,0.3,0.5,2,1,N,2.56,0.0,15.36,2021-01-01 00:20:16,2021-01-01 00:10:49,1.9,2021-01-01 12:40:49,2021-01-01 12:50:16,567
24,48,1,2,2.5,0.5,11.0,0.3,0.5,1,1,N,1.48,0.0,16.28,2021-01-01 00:51:43,2021-01-01 00:41:11,2.9,2021-01-01 13:11:11,2021-01-01 13:21:43,632
166,151,1,2,0.0,0.5,4.0,0.3,0.5,2,2,N,0.0,0.0,5.3,2021-01-01 01:00:51,2021-01-01 00:57:57,.60,2021-01-01 13:27:57,2021-01-01 13:30:51,174
166,166,1,2,2.5,0.5,10.5,0.3,0.5,1,2,N,0.0,0.0,14.3,2021-01-01 00:23:33,2021-01-01 00:10:30,1.91,2021-01-01 12:40:30,2021-01-01 12:53:33,783
262,238,1,2,2.5,0.5,11.5,0.3,0.5,2,1,N,1.53,0.0,16.83,2021-01-01 00:42:35,2021-01-01 00:28:59,2.43,2021-01-01 12:58:59,2021-01-01 13:12:35,816
169,141,1,2,2.5,0.5,22.5,0.3,0.5,1,2,N,0.0,0.0,26.3,2021-01-01 01:14:55,2021-01-01 00:56:46,7.42,2021-01-01 13:26:46,2021-01-01 13:44:55,1089
198,233,1,2,2.5,0.5,23.0,0.3,0.5,1,2,N,0.0,0.0,26.8,2021-01-01 00:28:34,2021-01-01 00:05:57,6.88,2021-01-01 12:35:57,2021-01-01 12:58:34,1357
24,237,1,1,2.5,3.0,14.5,0.3,0.5,2,1,Y,3.66,0.0,21.96,2021-01-01 01:10:32,2021-01-01 00:53:16,3.3,2021-01-01 13:23:16,2021-01-01 13:40:32,1036
230,234,1,1,2.5,3.0,9.5,0.3,0.5,1,1,N,2.65,0.0,15.95,2021-01-01 00:29:08,2021-01-01 00:15:33,1,2021-01-01 12:45:33,2021-01-01 12:59:08,815
186,186,1,1,2.5,3.0,3.5,0.3,0.5,1,2,N,0.0,0.0,7.3,2021-01-01 00:56:53,2021-01-01 00:54:23,.20,2021-01-01 13:24:23,2021-01-01 13:26:53,150
186,68,1,1,2.5,3.0,4.5,0.3,0.5,1,4,N,0.0,0.0,8.3,2021-01-01 00:14:20,2021-01-01 00:06:20,.50,2021-01-01 12:36:20,2021-01-01 12:44:20,480
233,186,1,1,2.5,3.0,8.0,0.3,0.5,1,2,N,0.0,0.0,11.8,2021-01-01 00:56:03,2021-01-01 00:47:09,1.6,2021-01-01 13:17:09,2021-01-01 13:26:03,534
236,151,1,2,2.5,0.5,8.5,0.3,0.5,2,1,N,2.0,0.0,14.3,2021-01-01 00:20:50,2021-01-01 00:12:52,1.89,2021-01-01 12:42:52,2021-01-01 12:50:50,478
238,263,1,2,2.5,0.5,8.0,0.3,0.5,2,2,N,0.0,0.0,11.8,2021-01-01 00:32:48,2021-01-01 00:25:33,1.96,2021-01-01 12:55:33,2021-01-01 13:02:48,435
75,75,5,1,0.0,0.0,10.0,0.3,0.0,2,1,Y,0.0,0.0,10.3,2021-01-01 00:01:40,2021-01-01 00:01:19,.00,2021-01-01 12:31:19,2021-01-01 12:31:40,21
35,132,1,1,0.0,0.5,26.0,0.3,0.5,1,2,Y,0.0,0.0,27.3,2021-01-01 01:02:43,2021-01-01 00:43:32,8.5,2021-01-01 13:13:32,2021-01-01 13:32:43,1151
74,74,1,2,0.0,0.5,5.0,0.3,0.5,1,2,N,0.0,0.0,6.3,2021-01-01 01:01:00,2021-01-01 00:56:22,.77,2021-01-01 13:26:22,2021-01-01 13:31:00,278
234,230,1,2,2.5,0.5,7.5,0.3,0.5,1,2,N,0.0,0.0,11.3,2021-01-01 00:22:42,2021-01-01 00:13:37,1.12,2021-01-01 12:43:37,2021-01-01 12:52:42,545
261,100,1,2,2.5,0.5,20.5,0.3,0.5,1,1,N,0.0,0.0,24.3,2021-01-01 01:03:48,2021-01-01 00:34:54,4.44,2021-01-01 13:04:54,2021-01-01 13:33:48,1734
33,137,1,1,2.5,3.0,18.0,0.3,0.5,2,1,N,6.5,0.0,28.3,2021-01-01 00:26:56,2021-01-01 00:13:46,6.1,2021-01-01 12:43:46,2021-01-01 12:56:56,790
144,48,1,2,2.5,0.5,13.5,0.3,0.5,1,1,N,3.46,0.0,20.76,2021-01-01 00:50:29,2021-01-01 00:33:02,3.22,2021-01-01 13:03:02,2021-01-01 13:20:29,1047
68,114,1,2,2.5,0.5,10.5,0.3,0.5,1,1,N,2.5,0.0,16.8,2021-01-01 01:05:47,2021-01-01 00:55:02,2.64,2021-01-01 13:25:02,2021-01-01 13:35:47,645
203,79,1,1,2.5,3.0,54.5,0.3,0.5,1,2,Y,0.0,0.0,58.3,2021-01-01 01:01:30,2021-01-01 00:30:03,19.9,2021-01-01 13:00:03,2021-01-01 13:31:30,1887
137,107,1,2,2.5,0.5,4.0,0.3,0.5,1,1,N,1.56,0.0,9.36,2021-01-01 00:11:40,2021-01-01 00:09:08,.50,2021-01-01 12:39:08,2021-01-01 12:41:40,152
141,170,1,2,2.5,0.5,9.0,0.3,0.5,1,1,N,3.84,0.0,16.64,2021-01-01 00:55:41,2021-01-01 00:48:39,2.49,2021-01-01 13:18:39,2021-01-01 13:25:41,422
48,141,1,2,2.5,0.5,10.0,0.3,0.5,1,2,N,0.0,0.0,13.8,2021-01-01 01:11:41,2021-01-01 00:59:34,1.97,2021-01-01 13:29:34,2021-01-01 13:41:41,727
57,142,1,2,2.5,0.5,29.0,0.3,0.5,1,2,N,0.0,0.0,32.8,2021-01-01 01:03:08,2021-01-01 00:34:09,8.67,2021-01-01 13:04:09,2021-01-01 13:33:08,1739
90,48,1,2,2.5,0.5,8.5,0.3,0.5,1,2,N,0.0,0.0,12.3,2021-01-01 00:23:22,2021-01-01 00:14:44,1.85,2021-01-01 12:44:44,2021-01-01 12:53:22,518
90,48,1,2,2.5,0.5,7.0,0.3,0.5,1,2,N,0.0,0.0,10.8,2021-01-01 00:42:08,2021-01-01 00:34:44,1.17,2021-01-01 13:04:44,2021-01-01 13:12:08,444
224,107,1,1,2.5,3.0,6.5,0.3,0.5,1,1,Y,0.0,0.0,10.3,2021-01-01 00:31:38,2021-01-01 00:24:13,.90,2021-01-01 12:54:13,2021-01-01 13:01:38,445
209,161,1,2,2.5,0.5,24.0,0.3,0.5,2,2,N,0.0,0.0,27.8,2021-01-01 00:55:12,2021-01-01 00:32:02,6.71,2021-01-01 13:02:02,2021-01-01 13:25:12,1390
262,231,1,2,2.5,0.5,22.0,0.3,0.5,2,2,N,0.0,0.0,25.8,2021-01-01 01:16:10,2021-01-01 00:59:53,7.27,2021-01-01 13:29:53,2021-01-01 13:46:10,977
48,143,1,2,2.5,0.5,5.5,0.3,0.5,1,2,N,0.0,0.0,9.3,2021-01-01 00:36:09,2021-01-01 00:31:21,.79,2021-01-01 13:01:21,2021-01-01 13:06:09,288
170,143,1,2,2.5,0.5,11.0,0.3,0.5,1,2,N,0.0,0.0,14.8,2021-01-01 00:57:59,2021-01-01 00:45:46,2.79,2021-01-01 13:15:46,2021-01-01 13:27:59,733
141,263,1,2,2.5,0.5,5.0,0.3,0.5,2,2,N,0.0,0.0,8.8,2021-01-01 00:11:02,2021-01-01 00:07:51,1.03,2021-01-01 12:37:51,2021-01-01 12:41:02,191
262,237,1,2,2.5,0.5,6.0,0.3,0.5,2,1,N,1.96,0.0,11.76,2021-01-01 00:22:15,2021-01-01 00:17:33,1.24,2021-01-01 12:47:33,2021-01-01 12:52:15,282
237,263,1,2,2.5,0.5,4.5,0.3,0.5,2,1,N,1.66,0.0,9.96,2021-01-01 00:31:41,2021-01-01 00:29:04,.92,2021-01-01 12:59:04,2021-01-01 13:01:41,157
112,141,1,2,2.5,0.5,13.0,0.3,0.5,2,2,N,0.0,0.0,16.8,2021-01-01 01:03:35,2021-01-01 00:50:29,3.55,2021-01-01 13:20:29,2021-01-01 13:33:35,786
88,48,1,2,2.5,0.5,18.5,0.3,0.5,5,2,N,0.0,0.0,22.3,2021-01-01 00:30:20,2021-01-01 00:11:27,5.47,2021-01-01 12:41:27,2021-01-01 13:00:20,1133
166,209,1,2,2.5,0.5,28.0,0.3,0.5,5,1,N,4.44,0.0,36.24,2021-01-01 01:03:10,2021-01-01 00:41:38,9.5,2021-01-01 13:11:38,2021-01-01 13:33:10,1292
141,87,1,1,2.5,3.0,19.0,0.3,0.5,1,1,N,4.55,0.0,27.35,2021-01-01 00:59:51,2021-01-01 00:47:07,6.2,2021-01-01 13:17:07,2021-01-01 13:29:51,764
48,161,1,2,2.5,0.5,10.5,0.3,0.5,2,1,N,1.0,0.0,15.3,2021-01-01 00:22:22,2021-01-01 00:07:43,1.61,2021-01-01 12:37:43,2021-01-01 12:52:22,879
75,138,1,2,0.0,0.5,21.5,0.3,0.5,1,1,N,7.23,6.12,36.15,2021-01-01 00:26:24,2021-01-01 00:15:24,7.54,2021-01-01 12:45:24,2021-01-01 12:56:24,660
107,237,1,2,2.5,0.5,9.5,0.3,0.5,2,1,N,2.66,0.0,15.96,2021-01-01 00:42:50,2021-01-01 00:33:33,2.4,2021-01-01 13:03:33,2021-01-01 13:12:50,557
234,114,1,2,2.5,0.5,4.5,0.3,0.5,1,1,N,1.66,0.0,9.96,2021-01-01 00:23:49,2021-01-01 00:21:11,.92,2021-01-01 12:51:11,2021-01-01 12:53:49,158
79,234,1,2,2.5,0.5,7.5,0.3,0.5,1,1,N,2.26,0.0,13.56,2021-01-01 00:45:39,2021-01-01 00:38:14,1.39,2021-01-01 13:08:14,2021-01-01 13:15:39,445
48,79,1,2,2.5,0.5,12.0,0.3,0.5,1,2,N,0.0,0.0,15.8,2021-01-01 01:08:10,2021-01-01 00:53:03,2.59,2021-01-01 13:23:03,2021-01-01 13:38:10,907
142,229,1,2,2.5,0.5,10.0,0.3,0.5,2,2,N,0.0,0.0,13.8,2021-01-01 00:48:54,2021-01-01 00:38:21,2.15,2021-01-01 13:08:21,2021-01-01 13:18:54,633
43,237,1,1,2.5,3.0,7.5,0.3,0.5,1,1,N,1.5,0.0,12.8,2021-01-01 00:33:54,2021-01-01 00:27:09,1.6,2021-01-01 12:57:09,2021-01-01 13:03:54,405
143,43,1,1,2.5,3.0,7.0,0.3,0.5,3,4,N,0.0,0.0,10.8,2021-01-01 00:42:43,2021-01-01 00:36:34,1.2,2021-01-01 13:06:34,2021-01-01 13:12:43,369
262,161,1,2,2.5,0.5,11.5,0.3,0.5,2,2,N,0.0,0.0,15.3,2021-01-01 00:39:57,2021-01-01 00:27:09,2.77,2021-01-01 12:57:09,2021-01-01 13:09:57,768
43,141,1,2,2.5,0.5,8.0,0.3,0.5,1,2,N,0.0,0.0,11.8,2021-01-01 00:52:49,2021-01-01 00:44:27,1.65,2021-01-01 13:14:27,2021-01-01 13:22:49,502
229,100,1,1,2.5,3.0,7.0,0.3,0.5,1,2,N,0.0,0.0,10.8,2021-01-01 00:07:28,2021-01-01 00:01:09,1.4,2021-01-01 12:31:09,2021-01-01 12:37:28,379
142,263,1,1,2.5,3.0,6.5,0.3,0.5,1,1,N,3.05,0.0,13.35,2021-01-01 00:47:27,2021-01-01 00:42:59,1.5,2021-01-01 13:12:59,2021-01-01 13:17:27,268
163,142,1,1,2.5,3.0,6.0,0.3,0.5,4,2,N,0.0,0.0,9.8,2021-01-01 00:56:19,2021-01-01 00:50:53,1.1,2021-01-01 13:20:53,2021-01-01 13:26:19,326
141,163,1,1,2.5,3.0,6.5,0.3,0.5,1,2,N,0.0,0.0,10.3,2021-01-01 01:04:16,2021-01-01 00:58:49,1.3,2021-01-01 13:28:49,2021-01-01 13:34:16,327
48,48,1,1,2.5,3.0,4.5,0.3,0.5,1,3,N,0.0,0.0,8.3,2021-01-01 00:24:17,2021-01-01 00:19:47,.50,2021-01-01 12:49:47,2021-01-01 12:54:17,270
140,230,1,1,2.5,3.0,10.5,0.3,0.5,2,2,N,0.0,0.0,14.3,2021-01-01 00:50:51,2021-01-01 00:40:12,2.7,2021-01-01 13:10:12,2021-01-01 13:20:51,639
100,162,1,1,2.5,3.0,8.5,0.3,0.5,1,3,N,0.0,0.0,12.3,2021-01-01 01:07:02,2021-01-01 00:58:30,1.7,2021-01-01 13:28:30,2021-01-01 13:37:02,512
17,230,1,1,2.5,3.0,35.0,0.3,0.5,1,1,N,7.75,0.0,46.55,2021-01-01 00:58:16,2021-01-01 00:24:20,11.1,2021-01-01 12:54:20,2021-01-01 13:28:16,2036
17,140,1,1,2.5,3.0,29.0,0.3,0.5,1,1,N,5.0,6.12,43.92,2021-01-01 00:48:47,2021-01-01 00:22:50,9.5,2021-01-01 12:52:50,2021-01-01 13:18:47,1557
107,164,1,1,2.5,3.0,7.5,0.3,0.5,1,1,N,2.8,0.0,14.1,2021-01-01 00:39:56,2021-01-01 00:32:30,1.5,2021-01-01 13:02:30,2021-01-01 13:09:56,446
229,224,1,1,2.5,3.0,7.5,0.3,0.5,3,1,N,3.0,0.0,14.3,2021-01-01 00:47:49,2021-01-01 00:42:38,2,2021-01-01 13:12:38,2021-01-01 13:17:49,311
263,263,1,1,2.5,3.0,4.5,0.3,0.5,1,2,N,0.0,0.0,8.3,2021-01-01 00:57:15,2021-01-01 00:53:26,.50,2021-01-01 13:23:26,2021-01-01 13:27:15,229
231,100,1,2,2.5,0.5,13.5,0.3,0.5,1,2,N,0.0,0.0,17.3,2021-01-01 00:23:51,2021-01-01 00:08:02,3.52,2021-01-01 12:38:02,2021-01-01 12:53:51,949
50,263,1,2,2.5,0.5,13.0,0.3,0.5,1,2,N,0.0,0.0,16.8,2021-01-01 00:50:14,2021-01-01 00:36:23,3.34,2021-01-01 13:06:23,2021-01-01 13:20:14,831
158,48,1,2,2.5,0.5,9.5,0.3,0.5,1,1,N,3.99,0.0,17.29,2021-01-01 01:08:26,2021-01-01 00:57:30,2.18,2021-01-01 13:27:30,2021-01-01 13:38:26,656
237,229,1,2,2.5,0.5,7.0,0.3,0.5,1,1,N,2.16,0.0,12.96,2021-01-01 00:43:31,2021-01-01 00:36:34,1.29,2021-01-01 13:06:34,2021-01-01 13:13:31,417
213,162,1,2,2.5,0.5,30.5,0.3,0.5,1,2,N,0.0,0.0,34.3,2021-01-01 01:08:13,2021-01-01 00:47:28,10.86,2021-01-01 13:17:28,2021-01-01 13:38:13,1245
230,100,1,1,2.5,3.0,14.5,0.3,0.5,2,1,N,3.65,0.0,21.95,2021-01-01 00:56:13,2021-01-01 00:33:19,1.8,2021-01-01 13:03:19,2021-01-01 13:26:13,1374
182,74,1,1,0.0,0.0,22.2,0.3,0.5,1,1,N,0.0,0.0,23.0,2021-01-01 00:41:34,2021-01-01 00:25:47,.00,2021-01-01 12:55:47,2021-01-01 13:11:34,947
48,24,1,2,2.5,0.5,12.0,0.3,0.5,1,2,N,0.0,0.0,15.8,2021-01-01 00:25:51,2021-01-01 00:13:18,2.71,2021-01-01 12:43:18,2021-01-01 12:55:51,753
238,234,1,2,2.5,0.5,17.0,0.3,0.5,1,1,N,4.16,0.0,24.96,2021-01-01 01:03:52,2021-01-01 00:45:46,4.85,2021-01-01 13:15:46,2021-01-01 13:33:52,1086
262,236,1,2,2.5,0.5,5.5,0.3,0.5,2,2,N,0.0,0.0,9.3,2021-01-01 00:42:09,2021-01-01 00:37:40,.78,2021-01-01 13:07:40,2021-01-01 13:12:09,269
48,100,1,1,2.5,3.0,3.5,0.3,0.5,1,2,N,0.0,0.0,7.3,2021-01-01 00:36:29,2021-01-01 00:34:14,.20,2021-01-01 13:04:14,2021-01-01 13:06:29,135
145,75,1,1,2.5,3.0,12.0,0.3,0.5,1,2,N,0.0,0.0,15.8,2021-01-01 00:15:51,2021-01-01 00:07:34,3.8,2021-01-01 12:37:34,2021-01-01 12:45:51,497
262,161,1,1,2.5,3.0,8.5,0.3,0.5,1,1,N,2.0,0.0,14.3,2021-01-01 00:30:57,2021-01-01 00:23:50,2.2,2021-01-01 12:53:50,2021-01-01 13:00:57,427
233,262,1,1,2.5,3.0,9.5,0.3,0.5,1,1,N,2.2,0.0,15.5,2021-01-01 00:44:16,2021-01-01 00:35:26,2.2,2021-01-01 13:05:26,2021-01-01 13:14:16,530
233,233,1,1,2.5,3.0,4.5,0.3,0.5,0,1,N,2.0,0.0,10.3,2021-01-01 00:47:58,2021-01-01 00:45:06,.80,2021-01-01 13:15:06,2021-01-01 13:17:58,172
168,170,1,1,2.5,3.0,17.5,0.3,0.5,1,2,N,0.0,0.0,21.3,2021-01-01 01:03:50,2021-01-01 00:52:30,5.6,2021-01-01 13:22:30,2021-01-01 13:33:50,680
142,237,1,2,2.5,0.5,8.0,0.3,0.5,2,1,N,1.0,0.0,12.8,2021-01-01 00:57:02,2021-01-01 00:49:03,1.68,2021-01-01 13:19:03,2021-01-01 13:27:02,479
242,162,1,2,2.5,0.5,34.0,0.3,0.5,1,1,N,7.56,0.0,45.36,2021-01-01 01:04:04,2021-01-01 00:40:07,12.08,2021-01-01 13:10:07,2021-01-01 13:34:04,1437
262,107,1,2,2.5,0.5,12.0,0.3,0.5,2,1,N,3.16,0.0,18.96,2021-01-01 00:47:02,2021-01-01 00:38:04,3.8,2021-01-01 13:08:04,2021-01-01 13:17:02,538
263,262,1,2,2.5,0.5,5.0,0.3,0.5,2,1,N,1.76,0.0,10.56,2021-01-01 00:53:44,2021-01-01 00:49:06,.70,2021-01-01 13:19:06,2021-01-01 13:23:44,278
233,236,1,2,2.5,0.5,8.5,0.3,0.5,2,1,N,3.08,0.0,15.38,2021-01-01 01:05:01,2021-01-01 00:59:01,2.46,2021-01-01 13:29:01,2021-01-01 13:35:01,360
238,107,1,2,2.5,0.5,17.0,0.3,0.5,1,1,N,5.2,0.0,26.0,2021-01-01 00:44:41,2021-01-01 00:28:10,5.16,2021-01-01 12:58:10,2021-01-01 13:14:41,991
48,239,1,2,2.5,0.5,7.0,0.3,0.5,1,1,N,2.7,0.0,13.5,2021-01-01 00:53:55,2021-01-01 00:48:38,1.85,2021-01-01 13:18:38,2021-01-01 13:23:55,317
42,50,1,2,2.5,0.5,17.0,0.3,0.5,1,2,N,0.0,0.0,20.8,2021-01-01 01:11:55,2021-01-01 00:57:53,5.18,2021-01-01 13:27:53,2021-01-01 13:41:55,842
87,170,1,2,2.5,0.5,17.5,0.3,0.5,1,1,N,3.0,0.0,24.3,2021-01-01 00:58:17,2021-01-01 00:44:45,5.32,2021-01-01 13:14:45,2021-01-01 13:28:17,812
61,74,1,1,0.0,0.0,45.08,0.3,0.5,1,1,N,0.0,6.12,52.0,2021-01-01 00:38:32,2021-01-01 00:03:37,.00,2021-01-01 12:33:37,2021-01-01 13:08:32,2095
186,90,1,2,2.5,0.5,6.0,0.3,0.5,1,2,N,0.0,0.0,9.8,2021-01-01 00:10:17,2021-01-01 00:03:27,1.02,2021-01-01 12:33:27,2021-01-01 12:40:17,410
42,142,1,2,2.5,0.5,16.5,0.3,0.5,1,1,N,5.08,0.0,25.38,2021-01-01 00:48:52,2021-01-01 00:29:56,4.5,2021-01-01 12:59:56,2021-01-01 13:18:52,1136
113,163,1,2,2.5,0.5,12.5,0.3,0.5,3,2,N,0.0,0.0,16.3,2021-01-01 00:22:25,2021-01-01 00:09:13,3.01,2021-01-01 12:39:13,2021-01-01 12:52:25,792
238,163,1,2,2.5,0.5,12.0,0.3,0.5,3,1,N,4.74,0.0,20.54,2021-01-01 00:48:02,2021-01-01 00:38:35,3.17,2021-01-01 13:08:35,2021-01-01 13:18:02,567
41,161,1,2,2.5,0.5,12.0,0.3,0.5,1,1,N,3.16,0.0,18.96,2021-01-01 00:34:22,2021-01-01 00:22:23,3.46,2021-01-01 12:52:23,2021-01-01 13:04:22,719
74,151,1,2,0.0,0.5,9.0,0.3,0.5,1,2,N,0.0,0.0,10.3,2021-01-01 00:50:22,2021-01-01 00:40:14,1.72,2021-01-01 13:10:14,2021-01-01 13:20:22,608
166,143,1,1,2.5,3.0,11.5,0.3,0.5,3,2,N,0.0,0.0,15.3,2021-01-01 00:23:46,2021-01-01 00:09:30,2.3,2021-01-01 12:39:30,2021-01-01 12:53:46,856
142,151,1,1,2.5,3.0,9.0,0.3,0.5,1,1,N,2.5,0.0,15.3,2021-01-01 00:38:45,2021-01-01 00:28:48,1.6,2021-01-01 12:58:48,2021-01-01 13:08:45,597
107,142,1,1,2.5,3.0,12.5,0.3,0.5,1,1,N,4.0,0.0,20.3,2021-01-01 00:56:34,2021-01-01 00:42:13,3.2,2021-01-01 13:12:13,2021-01-01 13:26:34,861
186,230,1,2,2.5,0.5,7.5,0.3,0.5,1,2,N,0.0,0.0,11.3,2021-01-01 01:03:52,2021-01-01 00:55:07,1.43,2021-01-01 13:25:07,2021-01-01 13:33:52,525
130,132,1,2,0.0,0.5,18.5,0.3,0.5,3,2,N,0.0,0.0,19.8,2021-01-01 01:00:38,2021-01-01 00:47:01,6.1,2021-01-01 13:17:01,2021-01-01 13:30:38,817
236,261,1,2,2.5,0.5,21.5,0.3,0.5,2,2,N,0.0,0.0,25.3,2021-01-01 00:21:17,2021-01-01 00:05:55,7.01,2021-01-01 12:35:55,2021-01-01 12:51:17,922
236,141,1,2,2.5,0.5,5.0,0.3,0.5,1,1,N,1.5,0.0,10.3,2021-01-01 00:33:01,2021-01-01 00:28:44,.90,2021-01-01 12:58:44,2021-01-01 13:03:01,257
238,48,1,2,2.5,0.5,9.5,0.3,0.5,1,1,N,3.33,0.0,16.63,2021-01-01 00:19:23,2021-01-01 00:11:33,2.64,2021-01-01 12:41:33,2021-01-01 12:49:23,470
238,238,1,2,2.5,0.5,3.5,0.3,0.5,3,2,N,0.0,0.0,7.3,2021-01-01 00:25:46,2021-01-01 00:23:49,.51,2021-01-01 12:53:49,2021-01-01 12:55:46,117
239,239,1,2,2.5,0.5,3.5,0.3,0.5,1,1,N,1.31,0.0,8.61,2021-01-01 00:30:04,2021-01-01 00:28:50,.59,2021-01-01 12:58:50,2021-01-01 13:00:04,74
107,164,1,2,2.5,0.5,6.0,0.3,0.5,2,2,N,0.0,0.0,9.8,2021-01-01 00:56:00,2021-01-01 00:50:21,1.04,2021-01-01 13:20:21,2021-01-01 13:26:00,339
170,170,1,2,2.5,0.5,6.0,0.3,0.5,1,1,N,1.5,0.0,11.3,2021-01-01 01:05:45,2021-01-01 00:59:47,.81,2021-01-01 13:29:47,2021-01-01 13:35:45,358
262,263,1,2,2.5,0.5,3.5,0.3,0.5,6,2,N,0.0,0.0,7.3,2021-01-01 00:25:50,2021-01-01 00:24:14,.25,2021-01-01 12:54:14,2021-01-01 12:55:50,96
137,230,1,1,2.5,3.0,11.5,0.3,0.5,1,1,N,3.05,0.0,18.35,2021-01-01 00:41:01,2021-01-01 00:28:01,2.8,2021-01-01 12:58:01,2021-01-01 13:11:01,780
170,230,1,2,2.5,0.5,9.0,0.3,0.5,1,2,N,0.0,0.0,12.8,2021-01-01 00:20:01,2021-01-01 00:09:14,1.93,2021-01-01 12:39:14,2021-01-01 12:50:01,647
48,113,1,2,2.5,0.5,9.5,0.3,0.5,1,1,N,2.66,0.0,15.96,2021-01-01 00:42:48,2021-01-01 00:31:36,2.18,2021-01-01 13:01:36,2021-01-01 13:12:48,672
170,141,1,1,2.5,3.0,6.0,0.3,0.5,1,2,N,0.0,0.0,9.8,2021-01-01 00:15:29,2021-01-01 00:11:33,1.4,2021-01-01 12:41:33,2021-01-01 12:45:29,236
229,142,1,1,2.5,3.0,16.5,0.3,0.5,2,1,N,6.05,0.0,26.35,2021-01-01 00:54:17,2021-01-01 00:33:30,3.8,2021-01-01 13:03:30,2021-01-01 13:24:17,1247
233,229,1,1,2.5,3.0,4.0,0.3,0.5,1,1,N,1.5,0.0,9.3,2021-01-01 01:01:00,2021-01-01 00:58:26,.50,2021-01-01 13:28:26,2021-01-01 13:31:00,154
90,68,1,2,2.5,0.5,7.0,0.3,0.5,1,1,N,2.16,0.0,12.96,2021-01-01 00:26:58,2021-01-01 00:20:11,1.48,2021-01-01 12:50:11,2021-01-01 12:56:58,407
50,249,1,2,2.5,0.5,13.5,0.3,0.5,1,1,N,2.7,0.0,20.0,2021-01-01 00:49:18,2021-01-01 00:33:48,3.49,2021-01-01 13:03:48,2021-01-01 13:19:18,930
143,239,1,1,2.5,3.0,4.0,0.3,0.5,1,1,N,2.3,0.0,10.1,2021-01-01 00:23:07,2021-01-01 00:20:49,.50,2021-01-01 12:50:49,2021-01-01 12:53:07,138
68,143,1,1,2.5,3.0,9.5,0.3,0.5,1,1,N,4.7,0.0,18.0,2021-01-01 00:34:32,2021-01-01 00:23:52,2,2021-01-01 12:53:52,2021-01-01 13:04:32,640
239,148,1,1,2.5,3.0,19.0,0.3,0.5,2,2,N,0.0,0.0,22.8,2021-01-01 01:14:24,2021-01-01 00:54:50,5.7,2021-01-01 13:24:50,2021-01-01 13:44:24,1174
113,90,1,2,2.5,0.5,5.5,0.3,0.5,1,1,N,2.79,0.0,12.09,2021-01-01 00:52:02,2021-01-01 00:47:05,.94,2021-01-01 13:17:05,2021-01-01 13:22:02,297
141,230,1,1,2.5,2.5,12.0,0.3,0.5,2,1,N,3.8,0.0,19.1,2021-01-01 00:30:50,2021-01-01 00:14:33,2.4,2021-01-01 12:44:33,2021-01-01 13:00:50,977
229,237,1,1,2.5,2.5,10.0,0.3,0.5,1,1,N,2.66,0.0,15.96,2021-01-01 00:57:27,2021-01-01 00:45:30,2.4,2021-01-01 13:15:30,2021-01-01 13:27:27,717
236,237,1,2,2.5,0.5,5.0,0.3,0.5,2,1,N,1.76,0.0,10.56,2021-01-01 00:02:51,2020-12-31 23:59:06,.74,2021-01-01 12:29:06,2021-01-01 12:32:51,225
237,43,1,2,2.5,0.5,4.0,0.3,0.5,3,2,N,0.0,0.0,7.8,2021-01-01 00:10:42,2021-01-01 00:07:52,.59,2021-01-01 12:37:52,2021-01-01 12:40:42,170
239,263,1,2,2.5,0.5,8.0,0.3,0.5,2,1,N,2.95,0.0,14.75,2021-01-01 00:29:31,2021-01-01 00:20:35,1.7,2021-01-01 12:50:35,2021-01-01 12:59:31,536
79,230,1,2,2.5,0.5,18.0,0.3,0.5,1,1,N,4.36,0.0,26.16,2021-01-01 00:53:48,2021-01-01 00:27:12,3.45,2021-01-01 12:57:12,2021-01-01 13:23:48,1596
94,249,1,1,2.5,3.0,37.5,0.3,0.5,1,2,N,0.0,0.0,41.3,2021-01-01 00:32:33,2021-01-01 00:01:49,12.4,2021-01-01 12:31:49,2021-01-01 13:02:33,1844
7,48,1,1,2.5,3.0,19.0,0.3,0.5,3,2,N,0.0,0.0,22.8,2021-01-01 01:17:04,2021-01-01 00:56:20,5.4,2021-01-01 13:26:20,2021-01-01 13:47:04,1244
68,48,1,1,2.5,3.0,6.0,0.3,0.5,1,2,N,0.0,0.0,9.8,2021-01-01 00:44:00,2021-01-01 00:37:20,1,2021-01-01 13:07:20,2021-01-01 13:14:00,400
18,100,1,1,2.5,3.0,37.0,0.3,0.5,1,2,N,0.0,0.0,40.8,2021-01-01 01:27:41,2021-01-01 00:56:04,"",2021-01-01 13:26:04,2021-01-01 13:57:41,1897
48,249,1,2,2.5,0.5,9.5,0.3,0.5,4,1,N,2.66,0.0,15.96,2021-01-01 00:13:57,2021-01-01 00:03:23,2.15,2021-01-01 12:33:23,2021-01-01 12:43:57,634
234,230,1,2,2.5,0.5,10.0,0.3,0.5,2,1,N,2.76,0.0,16.56,2021-01-01 00:51:39,2021-01-01 00:40:17,2.06,2021-01-01 13:10:17,2021-01-01 13:21:39,682
246,48,1,2,2.5,0.5,4.0,0.3,0.5,1,1,N,1.95,0.0,9.75,2021-01-01 00:12:26,2021-01-01 00:10:05,.44,2021-01-01 12:40:05,2021-01-01 12:42:26,141
162,230,1,2,2.5,0.5,9.0,0.3,0.5,2,1,N,2.3,0.0,15.1,2021-01-01 00:33:42,2021-01-01 00:21:38,1.57,2021-01-01 12:51:38,2021-01-01 13:03:42,724
43,162,1,2,2.5,0.5,10.5,0.3,0.5,2,2,N,0.0,0.0,14.3,2021-01-01 00:47:51,2021-01-01 00:39:13,3.12,2021-01-01 13:09:13,2021-01-01 13:17:51,518
41,151,1,2,0.0,0.5,5.5,0.3,0.5,1,2,N,0.0,0.0,6.8,2021-01-01 00:55:32,2021-01-01 00:51:29,1.06,2021-01-01 13:21:29,2021-01-01 13:25:32,243
244,238,1,2,2.5,0.5,17.5,0.3,0.5,1,2,N,0.0,0.0,21.3,2021-01-01 00:29:34,2021-01-01 00:16:17,5.37,2021-01-01 12:46:17,2021-01-01 12:59:34,797
189,170,1,1,2.5,3.0,19.5,0.3,0.5,1,2,"",0.0,0.0,23.3,2021-01-01 00:51:55,2021-01-01 00:32:13,5.2,2021-01-01 13:02:13,2021-01-01 13:21:55,1182
140,263,1,1,2.5,3.0,5.0,0.3,0.5,1,1,N,2.2,0.0,11.0,2021-01-01 00:54:31,2021-01-01 00:51:38,.90,2021-01-01 13:21:38,2021-01-01 13:24:31,173
170,48,1,1,2.5,3.0,7.5,0.3,0.5,2,3,N,0.0,0.0,11.3,2021-01-01 00:34:57,2021-01-01 00:25:56,1.4,2021-01-01 12:55:56,2021-01-01 13:04:57,541
150,132,1,2,0.0,0.5,41.0,0.3,0.5,1,2,N,0.0,0.0,42.3,2021-01-01 00:53:00,2021-01-01 00:29:37,14.91,2021-01-01 12:59:37,2021-01-01 13:23:00,1403
68,163,1,2,2.5,0.5,9.0,0.3,0.5,4,1,N,0.0,0.0,12.8,2021-01-01 00:58:15,2021-01-01 00:49:14,2.16,2021-01-01 13:19:14,2021-01-01 13:28:15,541
79,148,1,2,2.5,0.5,5.5,0.3,0.5,6,2,N,0.0,0.0,9.3,2021-01-01 00:42:57,2021-01-01 00:38:54,1.09,2021-01-01 13:08:54,2021-01-01 13:12:57,243
263,113,1,2,2.5,0.5,17.5,0.3,0.5,6,1,N,5.32,0.0,26.62,2021-01-01 01:10:37,2021-01-01 00:55:01,5.04,2021-01-01 13:25:01,2021-01-01 13:40:37,936
82,260,1,1,0.0,0.5,5.0,0.3,0.5,1,2,N,0.0,0.0,6.3,2021-01-01 00:51:10,2021-01-01 00:47:00,.80,2021-01-01 13:17:00,2021-01-01 13:21:10,250
141,230,1,1,2.5,3.0,12.0,0.3,0.5,1,1,Y,3.15,0.0,18.95,2021-01-01 00:34:51,2021-01-01 00:21:46,2.9,2021-01-01 12:51:46,2021-01-01 13:04:51,785
229,141,1,1,2.5,3.0,5.0,0.3,0.5,1,2,Y,0.0,0.0,8.8,2021-01-01 00:44:23,2021-01-01 00:41:41,1.1,2021-01-01 13:11:41,2021-01-01 13:14:23,162
226,162,1,2,2.5,0.5,12.5,0.3,0.5,6,"",N,3.26,0.0,19.56,2021-01-01 00:55:46,2021-01-01 00:44:37,3.47,2021-01-01 13:14:37,2021-01-01 13:25:46,669
233,151,1,2,2.5,0.5,15.0,0.3,0.5,3,2,N,0.0,0.0,18.8,2021-01-01 00:36:09,2021-01-01 00:19:36,3.93,2021-01-01 12:49:36,2021-01-01 13:06:09,993
186,170,1,2,2.5,0.5,5.5,0.3,0.5,3,1,N,2.32,0.0,11.62,2021-01-01 00:59:51,2021-01-01 00:54:52,.88,2021-01-01 13:24:52,2021-01-01 13:29:51,299
238,68,1,2,2.5,0.5,13.0,0.3,0.5,1,1,N,1.68,0.0,18.48,2021-01-01 00:41:39,2021-01-01 00:28:42,3.85,2021-01-01 12:58:42,2021-01-01 13:11:39,777
166,142,1,2,2.5,0.5,10.0,0.3,0.5,1,1,N,4.14,0.0,17.94,2021-01-01 00:55:47,2021-01-01 00:46:22,2.58,2021-01-01 13:16:22,2021-01-01 13:25:47,565
238,166,1,2,2.5,0.5,6.0,0.3,0.5,1,1,N,1.96,0.0,11.76,2021-01-01 01:05:06,2021-01-01 00:59:03,1.07,2021-01-01 13:29:03,2021-01-01 13:35:06,363
144,125,1,2,2.5,0.5,6.5,0.3,0.5,2,1,N,2.06,0.0,12.36,2021-01-01 00:30:07,2021-01-01 00:24:12,1.18,2021-01-01 12:54:12,2021-01-01 13:00:07,355
90,148,1,2,2.5,0.5,9.5,0.3,0.5,2,1,N,2.39,0.0,15.69,2021-01-01 00:42:49,2021-01-01 00:34:08,2.47,2021-01-01 13:04:08,2021-01-01 13:12:49,521
237,249,1,2,2.5,0.5,14.0,0.3,0.5,2,1,N,3.56,0.0,21.36,2021-01-01 01:01:55,2021-01-01 00:47:57,4.17,2021-01-01 13:17:57,2021-01-01 13:31:55,838
236,163,1,1,2.5,3.0,8.5,0.3,0.5,2,1,N,2.45,0.0,14.75,2021-01-01 00:22:11,2021-01-01 00:13:05,1.8,2021-01-01 12:43:05,2021-01-01 12:52:11,546
239,239,1,2,2.5,0.5,5.0,0.3,0.5,1,2,N,0.0,0.0,8.8,2021-01-01 00:19:06,2021-01-01 00:14:58,.72,2021-01-01 12:44:58,2021-01-01 12:49:06,248
41,239,1,2,2.5,0.5,10.0,0.3,0.5,1,2,N,0.0,0.0,13.8,2021-01-01 00:29:57,2021-01-01 00:20:39,2.6,2021-01-01 12:50:39,2021-01-01 12:59:57,558
116,263,1,2,2.5,0.5,16.0,0.3,0.5,1,2,N,0.0,0.0,19.8,2021-01-01 00:57:06,2021-01-01 00:44:53,4.83,2021-01-01 13:14:53,2021-01-01 13:27:06,733
231,231,1,2,2.5,0.5,4.0,0.3,0.5,1,1,N,1.56,0.0,9.36,2021-01-01 00:30:47,2021-01-01 00:28:10,.48,2021-01-01 12:58:10,2021-01-01 13:00:47,157
144,100,1,2,2.5,0.5,10.0,0.3,0.5,1,1,N,4.14,0.0,17.94,2021-01-01 00:18:44,2021-01-01 00:09:45,2.9,2021-01-01 12:39:45,2021-01-01 12:48:44,539
48,116,1,2,2.5,0.5,"",0.3,0.5,3,2,N,0.0,0.0,24.8,2021-01-01 01:01:29,2021-01-01 00:43:40,6.29,2021-01-01 13:13:40,2021-01-01 13:31:29,1069
75,74,1,2,0.0,0.5,3.5,0.3,0.5,1,2,N,0.0,0.0,4.8,2021-01-01 00:19:08,2021-01-01 00:17:09,.58,2021-01-01 12:47:09,2021-01-01 12:49:08,119
148,107,1,2,2.5,0.5,6.0,0.3,0.5,1,2,N,0.0,0.0,9.8,2021-01-01 00:22:37,2021-01-01 00:17:31,1.06,2021-01-01 12:47:31,2021-01-01 12:52:37,306
227,114,1,2,2.5,0.5,24.5,0.3,0.5,1,1,N,4.0,0.0,32.3,2021-01-01 01:12:48,2021-01-01 00:53:34,8.22,2021-01-01 13:23:34,2021-01-01 13:42:48,1154
263,140,1,2,2.5,0.5,5.0,0.3,0.5,1,1,N,1.76,0.0,10.56,2021-01-01 00:03:41,2021-01-01 00:00:39,.95,2021-01-01 12:30:39,2021-01-01 12:33:41,182
141,141,1,2,2.5,0.5,2.5,0.3,0.5,1,2,N,0.0,0.0,6.3,2021-01-01 00:20:12,2021-01-01 00:19:59,.02,2021-01-01 12:49:59,2021-01-01 12:50:12,13
68,186,1,2,2.5,0.5,4.0,0.3,0.5,1,1,N,1.56,0.0,9.36,2021-01-01 00:45:54,2021-01-01 00:43:14,.68,2021-01-01 13:13:14,2021-01-01 13:15:54,160
61,48,1,2,2.5,0.5,38.0,0.3,0.5,1,1,N,8.36,0.0,50.16,2021-01-01 01:07:41,2021-01-01 00:27:48,12.01,2021-01-01 12:57:48,2021-01-01 13:37:41,2393
190,107,1,1,2.5,3.0,20.5,0.3,0.5,1,1,N,6.05,0.0,30.35,2021-01-01 00:45:11,2021-01-01 00:23:38,5.7,2021-01-01 12:53:38,2021-01-01 13:15:11,1293
133,233,1,2,2.5,0.5,29.0,0.3,0.5,6,2,N,0.0,0.0,32.8,2021-01-01 01:07:14,2021-01-01 00:49:42,10.22,2021-01-01 13:19:42,2021-01-01 13:37:14,1052
137,79,1,2,2.5,0.5,4.5,0.3,0.5,1,2,N,0.0,0.0,8.3,2021-01-01 00:02:49,2021-01-01 00:00:29,.96,2021-01-01 12:30:29,2021-01-01 12:32:49,140
238,239,1,2,2.5,0.5,4.0,0.3,0.5,1,1,N,1.0,0.0,8.8,2021-01-01 00:53:27,2021-01-01 00:51:21,.69,2021-01-01 13:21:21,2021-01-01 13:23:27,126
261,249,1,2,2.5,0.5,9.5,0.3,0.5,1,1,N,2.0,0.0,15.3,2021-01-01 00:14:37,2021-01-01 00:05:50,2.62,2021-01-01 12:35:50,2021-01-01 12:44:37,527
79,211,1,2,2.5,0.5,8.5,0.3,0.5,1,1,N,3.08,0.0,15.38,2021-01-01 00:33:16,2021-01-01 00:23:31,1.71,2021-01-01 12:53:31,2021-01-01 13:03:16,585
68,234,1,2,2.5,0.5,5.0,0.3,0.5,1,1,N,0.0,0.0,8.8,2021-01-01 00:31:41,2021-01-01 00:27:40,.60,2021-01-01 12:57:40,2021-01-01 13:01:41,241
7,50,1,2,2.5,0.5,19.5,0.3,0.5,1,2,N,0.0,0.0,23.3,2021-01-01 01:00:14,2021-01-01 00:39:52,5.86,2021-01-01 13:09:52,2021-01-01 13:30:14,1222
162,237,1,2,2.5,0.5,4.5,0.3,0.5,1,1,N,1.66,0.0,9.96,2021-01-01 00:33:05,2021-01-01 00:30:59,.99,2021-01-01 13:00:59,2021-01-01 13:03:05,126
102,142,1,2,2.5,0.5,29.5,0.3,0.5,1,1,N,8.32,0.0,41.62,2021-01-01 01:17:09,2021-01-01 00:41:02,8.35,2021-01-01 13:11:02,2021-01-01 13:47:09,2167
